chrom,start,end,coverage
chr1,155100000,155100500,30.9
chr1,155100500,155101000,28.8
chr1,155101000,155101500,30.8
chr1,155101500,155102000,33
chr1,155102000,155102500,31.1
chr1,155102500,155103000,31
chr1,155103000,155103500,28
chr1,155103500,155104000,32.3
chr1,155104000,155104500,31.2
chr1,155104500,155105000,32
chr1,155105000,155105500,31.4
chr1,155105500,155106000,29
chr1,155106000,155106500,31.8
chr1,155106500,155107000,28.2
chr1,155107000,155107500,30.5
chr1,155107500,155108000,28.4
chr1,155108000,155108500,28.3
chr1,155108500,155109000,31.7
chr1,155109000,155109500,32.2
chr1,155109500,155110000,32.1
chr1,155110000,155110500,27.7
chr1,155110500,155111000,29.8
chr1,155111000,155111500,31.4
chr1,155111500,155112000,29.2
chr1,155112000,155112500,28.7
chr1,155112500,155113000,29.2
chr1,155113000,155113500,32.5
chr1,155113500,155114000,32.2
chr1,155114000,155114500,29.5
chr1,155114500,155115000,29.6
chr1,155115000,155115500,31.9
chr1,155115500,155116000,28
chr1,155116000,155116500,27.9
chr1,155116500,155117000,28.9
chr1,155117000,155117500,29.3
chr1,155117500,155118000,30
chr1,155118000,155118500,32.8
chr1,155118500,155119000,29.8
chr1,155119000,155119500,31.5
chr1,155119500,155120000,28.4
chr1,155120000,155120500,29.6
chr1,155120500,155121000,32.2
chr1,155121000,155121500,31.9
chr1,155121500,155122000,28.8
chr1,155122000,155122500,30.2
chr1,155122500,155123000,32.1
chr1,155123000,155123500,31.2
chr1,155123500,155124000,27.7
chr1,155124000,155124500,30.5
chr1,155124500,155125000,27.6
chr1,155125000,155125500,31.1
chr1,155125500,155126000,29.4
chr1,155126000,155126500,31.2
chr1,155126500,155127000,28.5
chr1,155127000,155127500,29.3
chr1,155127500,155128000,29.4
chr1,155128000,155128500,29.5
chr1,155128500,155129000,32.7
chr1,155129000,155129500,29.6
chr1,155129500,155130000,27.1
chr1,155130000,155130500,28.5
chr1,155130500,155131000,27.8
chr1,155131000,155131500,31
chr1,155131500,155132000,27
chr1,155132000,155132500,28.7
chr1,155132500,155133000,28.7
chr1,155133000,155133500,29.5
chr1,155133500,155134000,28.3
chr1,155134000,155134500,31.8
chr1,155134500,155135000,29.9
chr1,155135000,155135500,30.2
chr1,155135500,155136000,32.1
chr1,155136000,155136500,30.7
chr1,155136500,155137000,31.2
chr1,155137000,155137500,27.1
chr1,155137500,155138000,30.3
chr1,155138000,155138500,29.7
chr1,155138500,155139000,30.1
chr1,155139000,155139500,31
chr1,155139500,155140000,28.8
chr1,155140000,155140500,29.9
chr1,155140500,155141000,32.7
chr1,155141000,155141500,28.2
chr1,155141500,155142000,30.1
chr1,155142000,155142500,32.4
chr1,155142500,155143000,30.7
chr1,155143000,155143500,27.1
chr1,155143500,155144000,30.8
chr1,155144000,155144500,30.9
chr1,155144500,155145000,29.4
chr1,155145000,155145500,31.8
chr1,155145500,155146000,31.1
chr1,155146000,155146500,28.7
chr1,155146500,155147000,31.8
chr1,155147000,155147500,33
chr1,155147500,155148000,30
chr1,155148000,155148500,28.1
chr1,155148500,155149000,30.4
chr1,155149000,155149500,31
chr1,155149500,155150000,32.2
chr1,155150000,155150500,30.4
chr1,155150500,155151000,31.2
chr1,155151000,155151500,27.5
chr1,155151500,155152000,32.6
chr1,155152000,155152500,27.5
chr1,155152500,155153000,28.5
chr1,155153000,155153500,29.7
chr1,155153500,155154000,31.8
chr1,155154000,155154500,28.9
chr1,155154500,155155000,32.2
chr1,155155000,155155500,28.4
chr1,155155500,155156000,31.8
chr1,155156000,155156500,29.5
chr1,155156500,155157000,29.6
chr1,155157000,155157500,27.1
chr1,155157500,155158000,28.9
chr1,155158000,155158500,31.3
chr1,155158500,155159000,32
chr1,155159000,155159500,31.8
chr1,155159500,155160000,33
chr1,155160000,155160500,30.5
chr1,155160500,155161000,32.2
chr1,155161000,155161500,28.8
chr1,155161500,155162000,27
chr1,155162000,155162500,28.5
chr1,155162500,155163000,30.2
chr1,155163000,155163500,30.9
chr1,155163500,155164000,31.1
chr1,155164000,155164500,31
chr1,155164500,155165000,29.9
chr1,155165000,155165500,30.9
chr1,155165500,155166000,32.5
chr1,155166000,155166500,31.1
chr1,155166500,155167000,27.8
chr1,155167000,155167500,30.4
chr1,155167500,155168000,28.3
chr1,155168000,155168500,31.1
chr1,155168500,155169000,29.7
chr1,155169000,155169500,28.9
chr1,155169500,155170000,31.1
chr1,155170000,155170500,29.1
chr1,155170500,155171000,29.3
chr1,155171000,155171500,28.5
chr1,155171500,155172000,29
chr1,155172000,155172500,27.7
chr1,155172500,155173000,30.3
chr1,155173000,155173500,32.8
chr1,155173500,155174000,31.2
chr1,155174000,155174500,30.1
chr1,155174500,155175000,32
chr1,155175000,155175500,31.8
chr1,155175500,155176000,28.9
chr1,155176000,155176500,29.9
chr1,155176500,155177000,29.9
chr1,155177000,155177500,27.8
chr1,155177500,155178000,32.3
chr1,155178000,155178500,29.1
chr1,155178500,155179000,27
chr1,155179000,155179500,30.7
chr1,155179500,155180000,29.3
chr1,155180000,155180500,27.6
chr1,155180500,155181000,27.8
chr1,155181000,155181500,27.7
chr1,155181500,155182000,27.7
chr1,155182000,155182500,31.6
chr1,155182500,155183000,31.3
chr1,155183000,155183500,31.2
chr1,155183500,155184000,29.1
chr1,155184000,155184500,28.3
chr1,155184500,155185000,29.8
chr1,155185000,155185500,32.5
chr1,155185500,155186000,28.9
chr1,155186000,155186500,27.6
chr1,155186500,155187000,32.3
chr1,155187000,155187500,29.1
chr1,155187500,155188000,32.9
chr1,155188000,155188500,28.4
chr1,155188500,155189000,28.5
chr1,155189000,155189500,30.5
chr1,155189500,155190000,32.8
chr1,155190000,155190500,28.5
chr1,155190500,155191000,31.4
chr1,155191000,155191500,28.8
chr1,155191500,155192000,31.9
chr1,155192000,155192500,28.7
chr1,155192500,155193000,30.1
chr1,155193000,155193500,31.4
chr1,155193500,155194000,30.2
chr1,155194000,155194500,31.2
chr1,155194500,155195000,31.1
chr1,155195000,155195500,28.6
chr1,155195500,155196000,27.8
chr1,155196000,155196500,31.6
chr1,155196500,155197000,27.2
chr1,155197000,155197500,27.8
chr1,155197500,155198000,30
chr1,155198000,155198500,29.8
chr1,155198500,155199000,29.2
chr1,155199000,155199500,31.2
chr1,155199500,155200000,30.8
chr1,155200000,155200500,30.5
chr1,155200500,155201000,29.1
chr1,155201000,155201500,29.6
chr1,155201500,155202000,29.6
chr1,155202000,155202500,30.5
chr1,155202500,155203000,28.9
chr1,155203000,155203500,32.6
chr1,155203500,155204000,32.6
chr1,155204000,155204500,30.7
chr1,155204500,155205000,29.4
chr1,155205000,155205500,32.3
chr1,155205500,155206000,28.6
chr1,155206000,155206500,27.3
chr1,155206500,155207000,29.4
chr1,155207000,155207500,29.4
chr1,155207500,155208000,32.6
chr1,155208000,155208500,32.9
chr1,155208500,155209000,27.2
chr1,155209000,155209500,29.5
chr1,155209500,155210000,29.3
chr1,155210000,155210500,28
chr1,155210500,155211000,32.4
chr1,155211000,155211500,28.8
chr1,155211500,155212000,32.7
chr1,155212000,155212500,31.3
chr1,155212500,155213000,32.9
chr1,155213000,155213500,31.7
chr1,155213500,155214000,29.8
chr1,155214000,155214500,31
chr1,155214500,155215000,32.4
chr1,155215000,155215500,28.8
chr1,155215500,155216000,31.7
chr1,155216000,155216500,30.6
chr1,155216500,155217000,30.8
chr1,155217000,155217500,30.4
chr1,155217500,155218000,27.5
chr1,155218000,155218500,32.5
chr1,155218500,155219000,31.5
chr1,155219000,155219500,27.2
chr1,155219500,155220000,30.9
chr1,155220000,155220500,28.7
chr1,155220500,155221000,31.9
chr1,155221000,155221500,31.4
chr1,155221500,155222000,32.7
chr1,155222000,155222500,30.2
chr1,155222500,155223000,32.3
chr1,155223000,155223500,28.2
chr1,155223500,155224000,27.7
chr1,155224000,155224500,28.3
chr1,155224500,155225000,32.5
chr1,155225000,155225500,31.8
chr1,155225500,155226000,28.6
chr1,155226000,155226500,28.9
chr1,155226500,155227000,32.1
chr1,155227000,155227500,31.7
chr1,155227500,155228000,31.2
chr1,155228000,155228500,31.2
chr1,155228500,155229000,28.2
chr1,155229000,155229500,32
chr1,155229500,155230000,31.9
chr1,155230000,155230500,31.6
chr1,155230500,155231000,28.4
chr1,155231000,155231500,27.9
chr1,155231500,155232000,27.5
chr1,155232000,155232500,28.5
chr1,155232500,155233000,29.1
chr1,155233000,155233500,29.9
chr1,155233500,155234000,30
chr1,155234000,155234500,27.4
chr1,155234500,155235000,29
chr1,155235000,155235500,30.8
chr1,155235500,155236000,32.4
chr1,155236000,155236500,28.1
chr1,155236500,155237000,27.3
chr1,155237000,155237500,28.5
chr1,155237500,155238000,31.7
chr1,155238000,155238500,30
chr1,155238500,155239000,30.8
chr1,155239000,155239500,30.4
chr1,155239500,155240000,27.7
chr1,155240000,155240500,31.9
chr1,155240500,155241000,29.6
chr1,155241000,155241500,30.8
chr1,155241500,155242000,30.7
chr1,155242000,155242500,28.9
chr1,155242500,155243000,27.7
chr1,155243000,155243500,30.5
chr1,155243500,155244000,30.3
chr1,155244000,155244500,31.7
chr1,155244500,155245000,29.5
chr1,155245000,155245500,27.3
chr1,155245500,155246000,32.9
chr1,155246000,155246500,31.8
chr1,155246500,155247000,31.8
chr1,155247000,155247500,28.4
chr1,155247500,155248000,28.2
chr1,155248000,155248500,31
chr1,155248500,155249000,32.6
chr1,155249000,155249500,29.4
chr1,155249500,155250000,29.8
chr1,155250000,155250500,32.8
chr1,155250500,155251000,31
chr1,155251000,155251500,29.9
chr1,155251500,155252000,31.1
chr1,155252000,155252500,30.2
chr1,155252500,155253000,30
chr1,155253000,155253500,31.2
chr1,155253500,155254000,31.3
chr1,155254000,155254500,28.7
chr1,155254500,155255000,28.6
chr1,155255000,155255500,27.3
chr1,155255500,155256000,28
chr1,155256000,155256500,32.1
chr1,155256500,155257000,30
chr1,155257000,155257500,29
chr1,155257500,155258000,27
chr1,155258000,155258500,27.6
chr1,155258500,155259000,32.9
chr1,155259000,155259500,31.8
chr1,155259500,155260000,30.5
chr1,155260000,155260500,32.9
chr1,155260500,155261000,31.8
chr1,155261000,155261500,31.3
chr1,155261500,155262000,32
chr1,155262000,155262500,32.9
chr1,155262500,155263000,30.9
chr1,155263000,155263500,31
chr1,155263500,155264000,27.8
chr1,155264000,155264500,31.8
chr1,155264500,155265000,29.1
chr1,155265000,155265500,31
chr1,155265500,155266000,30
chr1,155266000,155266500,32.4
chr1,155266500,155267000,29.8
chr1,155267000,155267500,27.2
chr1,155267500,155268000,31
chr1,155268000,155268500,27.7
chr1,155268500,155269000,27.9
chr1,155269000,155269500,33
chr1,155269500,155270000,29.4
chr1,155270000,155270500,29.7
chr1,155270500,155271000,27.3
chr1,155271000,155271500,32.5
chr1,155271500,155272000,29.6
chr1,155272000,155272500,30.8
chr1,155272500,155273000,32.9
chr1,155273000,155273500,31.7
chr1,155273500,155274000,31.7
chr1,155274000,155274500,29.3
chr1,155274500,155275000,28.3
chr1,155275000,155275500,31.3
chr1,155275500,155276000,27.3
chr1,155276000,155276500,27.2
chr1,155276500,155277000,32.1
chr1,155277000,155277500,29.5
chr1,155277500,155278000,32.2
chr1,155278000,155278500,30.9
chr1,155278500,155279000,28.6
chr1,155279000,155279500,27.9
chr1,155279500,155280000,27.5
chr1,155280000,155280500,30.5
chr1,155280500,155281000,30.4
chr1,155281000,155281500,31
chr1,155281500,155282000,27.5
chr1,155282000,155282500,28.7
chr1,155282500,155283000,28.6
chr1,155283000,155283500,27.6
chr1,155283500,155284000,28.1
chr1,155284000,155284500,27.6
chr1,155284500,155285000,28.7
chr1,155285000,155285500,32.1
chr1,155285500,155286000,27.6
chr1,155286000,155286500,29.9
chr1,155286500,155287000,32.5
chr1,155287000,155287500,27.3
chr1,155287500,155288000,31.2
chr1,155288000,155288500,31.1
chr1,155288500,155289000,29.5
chr1,155289000,155289500,27.1
chr1,155289500,155290000,27.8
chr1,155290000,155290500,28.2
chr1,155290500,155291000,31.2
chr1,155291000,155291500,31.9
chr1,155291500,155292000,30.9
chr1,155292000,155292500,28.3
chr1,155292500,155293000,29.9
chr1,155293000,155293500,28.4
chr1,155293500,155294000,31.6
chr1,155294000,155294500,27.1
chr1,155294500,155295000,28.6
chr1,155295000,155295500,28.9
chr1,155295500,155296000,29.3
chr1,155296000,155296500,29.5
chr1,155296500,155297000,29.6
chr1,155297000,155297500,27.5
chr1,155297500,155298000,27.3
chr1,155298000,155298500,32.4
chr1,155298500,155299000,27.5
chr1,155299000,155299500,30.1
chr1,155299500,155300000,32.6
chr1,155300000,155300500,31.8
chr1,155300500,155301000,28.1
chr1,155301000,155301500,27.4
chr1,155301500,155302000,28.4
chr1,155302000,155302500,32.5
chr1,155302500,155303000,31.7
chr1,155303000,155303500,29.1
chr1,155303500,155304000,32.8
chr1,155304000,155304500,28.8
chr1,155304500,155305000,27.5
chr1,155305000,155305500,29.2
chr1,155305500,155306000,30.9
chr1,155306000,155306500,29.9
chr1,155306500,155307000,29.7
chr1,155307000,155307500,29.8
chr1,155307500,155308000,30.9
chr1,155308000,155308500,30.2
chr1,155308500,155309000,27.2
chr1,155309000,155309500,30.4
chr1,155309500,155310000,32.3
chr1,155310000,155310500,31.5
chr1,155310500,155311000,32.2
chr1,155311000,155311500,29.2
chr1,155311500,155312000,29.9
chr1,155312000,155312500,27.9
chr1,155312500,155313000,30.3
chr1,155313000,155313500,28.9
chr1,155313500,155314000,29.8
chr1,155314000,155314500,31.8
chr1,155314500,155315000,29.9
chr1,155315000,155315500,29.4
chr1,155315500,155316000,31.9
chr1,155316000,155316500,32.8
chr1,155316500,155317000,29.9
chr1,155317000,155317500,29.3
chr1,155317500,155318000,29.6
chr1,155318000,155318500,31.9
chr1,155318500,155319000,30.4
chr1,155319000,155319500,32.5
chr1,155319500,155320000,32.8
chr1,155320000,155320500,32.8
chr1,155320500,155321000,27.7
chr1,155321000,155321500,30.6
chr1,155321500,155322000,31.3
chr1,155322000,155322500,28.8
chr1,155322500,155323000,29.8
chr1,155323000,155323500,27.8
chr1,155323500,155324000,32
chr1,155324000,155324500,28.7
chr1,155324500,155325000,27.4
chr1,155325000,155325500,27.9
chr1,155325500,155326000,32
chr1,155326000,155326500,28
chr1,155326500,155327000,27
chr1,155327000,155327500,31.5
chr1,155327500,155328000,28.8
chr1,155328000,155328500,32.4
chr1,155328500,155329000,28.3
chr1,155329000,155329500,32.8
chr1,155329500,155330000,29.3
chr1,155330000,155330500,28.3
chr1,155330500,155331000,29.6
chr1,155331000,155331500,28.2
chr1,155331500,155332000,29.4
chr1,155332000,155332500,31.3
chr1,155332500,155333000,29.9
chr1,155333000,155333500,31.4
chr1,155333500,155334000,31
chr1,155334000,155334500,31.2
chr1,155334500,155335000,32.6
chr1,155335000,155335500,31.6
chr1,155335500,155336000,28.9
chr1,155336000,155336500,31.4
chr1,155336500,155337000,27.6
chr1,155337000,155337500,30.6
chr1,155337500,155338000,28.6
chr1,155338000,155338500,29.7
chr1,155338500,155339000,27.2
chr1,155339000,155339500,32.8
chr1,155339500,155340000,30.1
chr1,155340000,155340500,31.8
chr1,155340500,155341000,31.9
chr1,155341000,155341500,29.7
chr1,155341500,155342000,31.4
chr1,155342000,155342500,30.5
chr1,155342500,155343000,27.2
chr1,155343000,155343500,32.6
chr1,155343500,155344000,27.9
chr1,155344000,155344500,27
chr1,155344500,155345000,29.3
chr1,155345000,155345500,29.3
chr1,155345500,155346000,27.7
chr1,155346000,155346500,29.2
chr1,155346500,155347000,29.8
chr1,155347000,155347500,30.4
chr1,155347500,155348000,31.7
chr1,155348000,155348500,30.2
chr1,155348500,155349000,27
chr1,155349000,155349500,32
chr1,155349500,155350000,27.1
chr1,155350000,155350500,30.6
chr1,155350500,155351000,27.2
chr1,155351000,155351500,29.2
chr1,155351500,155352000,29
chr1,155352000,155352500,27.4
chr1,155352500,155353000,27.8
chr1,155353000,155353500,29
chr1,155353500,155354000,32.9
chr1,155354000,155354500,30.5
chr1,155354500,155355000,32.3
chr1,155355000,155355500,29.5
chr1,155355500,155356000,32.3
chr1,155356000,155356500,27.4
chr1,155356500,155357000,31.7
chr1,155357000,155357500,29.7
chr1,155357500,155358000,29.6
chr1,155358000,155358500,28.8
chr1,155358500,155359000,31.8
chr1,155359000,155359500,32.5
chr1,155359500,155360000,28.9
chr1,155360000,155360500,30.6
chr1,155360500,155361000,28.1
chr1,155361000,155361500,30.8
chr1,155361500,155362000,30
chr1,155362000,155362500,30.3
chr1,155362500,155363000,27.2
chr1,155363000,155363500,28.9
chr1,155363500,155364000,28.9
chr1,155364000,155364500,32.1
chr1,155364500,155365000,28.4
chr1,155365000,155365500,28.1
chr1,155365500,155366000,30.4
chr1,155366000,155366500,31.8
chr1,155366500,155367000,32
chr1,155367000,155367500,30.8
chr1,155367500,155368000,32
chr1,155368000,155368500,27.9
chr1,155368500,155369000,31.9
chr1,155369000,155369500,27.6
chr1,155369500,155370000,31
chr1,155370000,155370500,31.7
chr1,155370500,155371000,27.8
chr1,155371000,155371500,30.4
chr1,155371500,155372000,29.5
chr1,155372000,155372500,32.3
chr1,155372500,155373000,30.7
chr1,155373000,155373500,28.3
chr1,155373500,155374000,32.2
chr1,155374000,155374500,28.7
chr1,155374500,155375000,32.4
chr1,155375000,155375500,31
chr1,155375500,155376000,32.1
chr1,155376000,155376500,31.5
chr1,155376500,155377000,27.1
chr1,155377000,155377500,32.3
chr1,155377500,155378000,33
chr1,155378000,155378500,31.6
chr1,155378500,155379000,28.8
chr1,155379000,155379500,28
chr1,155379500,155380000,27.9
chr1,155380000,155380500,28.2
chr1,155380500,155381000,29.1
chr1,155381000,155381500,32.4
chr1,155381500,155382000,29.1
chr1,155382000,155382500,31.2
chr1,155382500,155383000,28.4
chr1,155383000,155383500,28.7
chr1,155383500,155384000,30.8
chr1,155384000,155384500,30.6
chr1,155384500,155385000,29.5
chr1,155385000,155385500,29.6
chr1,155385500,155386000,29.5
chr1,155386000,155386500,28.6
chr1,155386500,155387000,28.5
chr1,155387000,155387500,32.6
chr1,155387500,155388000,31.3
chr1,155388000,155388500,29
chr1,155388500,155389000,27.7
chr1,155389000,155389500,31.1
chr1,155389500,155390000,32
chr1,155390000,155390500,30
chr1,155390500,155391000,31.3
chr1,155391000,155391500,27.1
chr1,155391500,155392000,28.8
chr1,155392000,155392500,30
chr1,155392500,155393000,32.9
chr1,155393000,155393500,32.4
chr1,155393500,155394000,31.9
chr1,155394000,155394500,28
chr1,155394500,155395000,31
chr1,155395000,155395500,29.8
chr1,155395500,155396000,29.9
chr1,155396000,155396500,32.9
chr1,155396500,155397000,32.8
chr1,155397000,155397500,32.5
chr1,155397500,155398000,27.1
chr1,155398000,155398500,32.8
chr1,155398500,155399000,27.7
chr1,155399000,155399500,31
chr1,155399500,155400000,31.7
chr1,155400000,155400500,32.3
chr1,155400500,155401000,30.9
chr1,155401000,155401500,29.1
chr1,155401500,155402000,28.7
chr1,155402000,155402500,32.8
chr1,155402500,155403000,30.8
chr1,155403000,155403500,31.2
chr1,155403500,155404000,31.3
chr1,155404000,155404500,28.2
chr1,155404500,155405000,29.1
chr1,155405000,155405500,31.2
chr1,155405500,155406000,32.7
chr1,155406000,155406500,30.8
chr1,155406500,155407000,29.4
chr1,155407000,155407500,29.6
chr1,155407500,155408000,32.4
chr1,155408000,155408500,32.4
chr1,155408500,155409000,31.4
chr1,155409000,155409500,30.1
chr1,155409500,155410000,28
chr1,155410000,155410500,32.9
chr1,155410500,155411000,30.8
chr1,155411000,155411500,29.8
chr1,155411500,155412000,30
chr1,155412000,155412500,27.8
chr1,155412500,155413000,31
chr1,155413000,155413500,32.5
chr1,155413500,155414000,32.5
chr1,155414000,155414500,28.5
chr1,155414500,155415000,31.7
chr1,155415000,155415500,31.5
chr1,155415500,155416000,27.4
chr1,155416000,155416500,28.6
chr1,155416500,155417000,30.5
chr1,155417000,155417500,30.6
chr1,155417500,155418000,29.5
chr1,155418000,155418500,27.5
chr1,155418500,155419000,30.1
chr1,155419000,155419500,29.6
chr1,155419500,155420000,29.2
chr1,155420000,155420500,28.3
chr1,155420500,155421000,30.2
chr1,155421000,155421500,32.5
chr1,155421500,155422000,27.3
chr1,155422000,155422500,31.2
chr1,155422500,155423000,32.1
chr1,155423000,155423500,27.6
chr1,155423500,155424000,30.8
chr1,155424000,155424500,32.6
chr1,155424500,155425000,31.6
chr1,155425000,155425500,31.7
chr1,155425500,155426000,28.9
chr1,155426000,155426500,29.1
chr1,155426500,155427000,29.3
chr1,155427000,155427500,29.1
chr1,155427500,155428000,29.5
chr1,155428000,155428500,32
chr1,155428500,155429000,27.7
chr1,155429000,155429500,32.5
chr1,155429500,155430000,28.4
chr1,155430000,155430500,32.3
chr1,155430500,155431000,31.4
chr1,155431000,155431500,30.3
chr1,155431500,155432000,31.6
chr1,155432000,155432500,30.2
chr1,155432500,155433000,32.8
chr1,155433000,155433500,32.3
chr1,155433500,155434000,29.2
chr1,155434000,155434500,28.4
chr1,155434500,155435000,27.5
chr1,155435000,155435500,27.5
chr1,155435500,155436000,27.8
chr1,155436000,155436500,31.7
chr1,155436500,155437000,28.8
chr1,155437000,155437500,31.3
chr1,155437500,155438000,29.2
chr1,155438000,155438500,31
chr1,155438500,155439000,28.7
chr1,155439000,155439500,31.4
chr1,155439500,155440000,30.6
chr1,155440000,155440500,32.7
chr1,155440500,155441000,28.3
chr1,155441000,155441500,30.8
chr1,155441500,155442000,29.9
chr1,155442000,155442500,28.3
chr1,155442500,155443000,27.2
chr1,155443000,155443500,32.8
chr1,155443500,155444000,31.3
chr1,155444000,155444500,31.8
chr1,155444500,155445000,29.5
chr1,155445000,155445500,32.5
chr1,155445500,155446000,32
chr1,155446000,155446500,32.3
chr1,155446500,155447000,31.4
chr1,155447000,155447500,30.2
chr1,155447500,155448000,32.3
chr1,155448000,155448500,31.1
chr1,155448500,155449000,31.6
chr1,155449000,155449500,32.3
chr1,155449500,155450000,27.1
chr1,155450000,155450500,27
chr1,155450500,155451000,29.8
chr1,155451000,155451500,30
chr1,155451500,155452000,27.2
chr1,155452000,155452500,30.3
chr1,155452500,155453000,28.4
chr1,155453000,155453500,27.7
chr1,155453500,155454000,31.8
chr1,155454000,155454500,28.7
chr1,155454500,155455000,32.1
chr1,155455000,155455500,27.7
chr1,155455500,155456000,30.2
chr1,155456000,155456500,29.3
chr1,155456500,155457000,28
chr1,155457000,155457500,29.4
chr1,155457500,155458000,31.3
chr1,155458000,155458500,27.2
chr1,155458500,155459000,28.3
chr1,155459000,155459500,29.9
chr1,155459500,155460000,28.5
chr1,155460000,155460500,30
chr1,155460500,155461000,31.1
chr1,155461000,155461500,30.3
chr1,155461500,155462000,28.1
chr1,155462000,155462500,28.5
chr1,155462500,155463000,30.5
chr1,155463000,155463500,30.6
chr1,155463500,155464000,29.9
chr1,155464000,155464500,28.9
chr1,155464500,155465000,28.6
chr1,155465000,155465500,28.8
chr1,155465500,155466000,30.5
chr1,155466000,155466500,32.3
chr1,155466500,155467000,28
chr1,155467000,155467500,30.6
chr1,155467500,155468000,32.6
chr1,155468000,155468500,30.2
chr1,155468500,155469000,30.4
chr1,155469000,155469500,27.6
chr1,155469500,155470000,30.1
chr1,155470000,155470500,27.2
chr1,155470500,155471000,32.5
chr1,155471000,155471500,27.5
chr1,155471500,155472000,28.7
chr1,155472000,155472500,27.4
chr1,155472500,155473000,32.3
chr1,155473000,155473500,27.1
chr1,155473500,155474000,28.9
chr1,155474000,155474500,31.1
chr1,155474500,155475000,27.4
chr1,155475000,155475500,30.5
chr1,155475500,155476000,31.7
chr1,155476000,155476500,28
chr1,155476500,155477000,31.1
chr1,155477000,155477500,32.4
chr1,155477500,155478000,27.7
chr1,155478000,155478500,29.8
chr1,155478500,155479000,30.6
chr1,155479000,155479500,27.2
chr1,155479500,155480000,30.5
chr1,155480000,155480500,30
chr1,155480500,155481000,32
chr1,155481000,155481500,31.4
chr1,155481500,155482000,27.8
chr1,155482000,155482500,27.3
chr1,155482500,155483000,29.1
chr1,155483000,155483500,32.1
chr1,155483500,155484000,28.1
chr1,155484000,155484500,30.4
chr1,155484500,155485000,31.3
chr1,155485000,155485500,31
chr1,155485500,155486000,30.9
chr1,155486000,155486500,31.5
chr1,155486500,155487000,32.3
chr1,155487000,155487500,30.1
chr1,155487500,155488000,27.2
chr1,155488000,155488500,30.2
chr1,155488500,155489000,27.7
chr1,155489000,155489500,27.1
chr1,155489500,155490000,27.6
chr1,155490000,155490500,29.8
chr1,155490500,155491000,28.3
chr1,155491000,155491500,31.4
chr1,155491500,155492000,27
chr1,155492000,155492500,27.1
chr1,155492500,155493000,27.4
chr1,155493000,155493500,27.5
chr1,155493500,155494000,30.4
chr1,155494000,155494500,29.6
chr1,155494500,155495000,31.4
chr1,155495000,155495500,32.1
chr1,155495500,155496000,30
chr1,155496000,155496500,31.1
chr1,155496500,155497000,28.5
chr1,155497000,155497500,27.4
chr1,155497500,155498000,31.4
chr1,155498000,155498500,28
chr1,155498500,155499000,28.8
chr1,155499000,155499500,27.7
chr1,155499500,155500000,31.8
chr1,155500000,155500500,32.5
chr1,155500500,155501000,28.6
chr1,155501000,155501500,27.4
chr1,155501500,155502000,27.1
chr1,155502000,155502500,28.8
chr1,155502500,155503000,32.4
chr1,155503000,155503500,29.8
chr1,155503500,155504000,28.2
chr1,155504000,155504500,29.5
chr1,155504500,155505000,30.8
chr1,155505000,155505500,32.1
chr1,155505500,155506000,29.4
chr1,155506000,155506500,32.7
chr1,155506500,155507000,29.4
chr1,155507000,155507500,30.3
chr1,155507500,155508000,28.6
chr1,155508000,155508500,27.9
chr1,155508500,155509000,29.6
chr1,155509000,155509500,29.8
chr1,155509500,155510000,27.3
chr1,155510000,155510500,31
chr1,155510500,155511000,32.4
chr1,155511000,155511500,28.5
chr1,155511500,155512000,30.4
chr1,155512000,155512500,32.9
chr1,155512500,155513000,29.3
chr1,155513000,155513500,28.7
chr1,155513500,155514000,31.5
chr1,155514000,155514500,28.2
chr1,155514500,155515000,30.5
chr1,155515000,155515500,29.3
chr1,155515500,155516000,30.9
chr1,155516000,155516500,28.2
chr1,155516500,155517000,31
chr1,155517000,155517500,32.1
chr1,155517500,155518000,28.2
chr1,155518000,155518500,28
chr1,155518500,155519000,27.3
chr1,155519000,155519500,29.7
chr1,155519500,155520000,28.8
chr1,155520000,155520500,32.6
chr1,155520500,155521000,31.7
chr1,155521000,155521500,32.5
chr1,155521500,155522000,29
chr1,155522000,155522500,28.2
chr1,155522500,155523000,27.9
chr1,155523000,155523500,31.6
chr1,155523500,155524000,32.7
chr1,155524000,155524500,32
chr1,155524500,155525000,30.9
chr1,155525000,155525500,28.4
chr1,155525500,155526000,30.9
chr1,155526000,155526500,29.7
chr1,155526500,155527000,31.5
chr1,155527000,155527500,31.1
chr1,155527500,155528000,27.1
chr1,155528000,155528500,30.6
chr1,155528500,155529000,31.8
chr1,155529000,155529500,30.5
chr1,155529500,155530000,29.5
chr1,155530000,155530500,32.6
chr1,155530500,155531000,28.7
chr1,155531000,155531500,28.8
chr1,155531500,155532000,28
chr1,155532000,155532500,27.2
chr1,155532500,155533000,31.7
chr1,155533000,155533500,27.7
chr1,155533500,155534000,31.5
chr1,155534000,155534500,31
chr1,155534500,155535000,32.5
chr1,155535000,155535500,30.7
chr1,155535500,155536000,29.4
chr1,155536000,155536500,27.1
chr1,155536500,155537000,27.7
chr1,155537000,155537500,28.1
chr1,155537500,155538000,28.1
chr1,155538000,155538500,27.7
chr1,155538500,155539000,30.2
chr1,155539000,155539500,29.5
chr1,155539500,155540000,29
chr1,155540000,155540500,31.5
chr1,155540500,155541000,28.7
chr1,155541000,155541500,31
chr1,155541500,155542000,30.6
chr1,155542000,155542500,28.1
chr1,155542500,155543000,27.5
chr1,155543000,155543500,28.6
chr1,155543500,155544000,30.1
chr1,155544000,155544500,27.5
chr1,155544500,155545000,32.3
chr1,155545000,155545500,28.4
chr1,155545500,155546000,32.1
chr1,155546000,155546500,27.1
chr1,155546500,155547000,27.3
chr1,155547000,155547500,32.4
chr1,155547500,155548000,30.9
chr1,155548000,155548500,29.5
chr1,155548500,155549000,28.5
chr1,155549000,155549500,33
chr1,155549500,155550000,31.7
chr1,155550000,155550500,32.8
chr1,155550500,155551000,32.8
chr1,155551000,155551500,30.5
chr1,155551500,155552000,32.4
chr1,155552000,155552500,31.5
chr1,155552500,155553000,31.7
chr1,155553000,155553500,31.7
chr1,155553500,155554000,27.3
chr1,155554000,155554500,30
chr1,155554500,155555000,28.6
chr1,155555000,155555500,30.7
chr1,155555500,155556000,27.5
chr1,155556000,155556500,30.4
chr1,155556500,155557000,28.7
chr1,155557000,155557500,32.7
chr1,155557500,155558000,27.9
chr1,155558000,155558500,30.4
chr1,155558500,155559000,30.7
chr1,155559000,155559500,31.3
chr1,155559500,155560000,32.6
chr1,155560000,155560500,32.4
chr1,155560500,155561000,28.9
chr1,155561000,155561500,29.8
chr1,155561500,155562000,29.3
chr1,155562000,155562500,30.7
chr1,155562500,155563000,30.5
chr1,155563000,155563500,32.8
chr1,155563500,155564000,31.8
chr1,155564000,155564500,29.5
chr1,155564500,155565000,28.1
chr1,155565000,155565500,29.4
chr1,155565500,155566000,30.8
chr1,155566000,155566500,27.3
chr1,155566500,155567000,31.6
chr1,155567000,155567500,28.3
chr1,155567500,155568000,32.8
chr1,155568000,155568500,32.7
chr1,155568500,155569000,30.8
chr1,155569000,155569500,27.4
chr1,155569500,155570000,31.9
chr1,155570000,155570500,32.6
chr1,155570500,155571000,27.6
chr1,155571000,155571500,30.2
chr1,155571500,155572000,30.9
chr1,155572000,155572500,30.5
chr1,155572500,155573000,29.2
chr1,155573000,155573500,29.8
chr1,155573500,155574000,30
chr1,155574000,155574500,27.7
chr1,155574500,155575000,27.2
chr1,155575000,155575500,28.3
chr1,155575500,155576000,32.8
chr1,155576000,155576500,28.1
chr1,155576500,155577000,30.8
chr1,155577000,155577500,30.1
chr1,155577500,155578000,31
chr1,155578000,155578500,30.7
chr1,155578500,155579000,29.9
chr1,155579000,155579500,31.3
chr1,155579500,155580000,31
chr1,155580000,155580500,27.4
chr1,155580500,155581000,30.9
chr1,155581000,155581500,31
chr1,155581500,155582000,29.7
chr1,155582000,155582500,29.5
chr1,155582500,155583000,32.5
chr1,155583000,155583500,30.8
chr1,155583500,155584000,29.6
chr1,155584000,155584500,31
chr1,155584500,155585000,27.3
chr1,155585000,155585500,28.2
chr1,155585500,155586000,29.2
chr1,155586000,155586500,31.9
chr1,155586500,155587000,29.8
chr1,155587000,155587500,27.2
chr1,155587500,155588000,30.6
chr1,155588000,155588500,27.1
chr1,155588500,155589000,30.3
chr1,155589000,155589500,32.5
chr1,155589500,155590000,32.1
chr1,155590000,155590500,29.9
chr1,155590500,155591000,28.4
chr1,155591000,155591500,28.9
chr1,155591500,155592000,32.1
chr1,155592000,155592500,31
chr1,155592500,155593000,30.2
chr1,155593000,155593500,30.1
chr1,155593500,155594000,29.4
chr1,155594000,155594500,30.9
chr1,155594500,155595000,31.5
chr1,155595000,155595500,30.5
chr1,155595500,155596000,30.3
chr1,155596000,155596500,29.8
chr1,155596500,155597000,27.5
chr1,155597000,155597500,32.5
chr1,155597500,155598000,29.1
chr1,155598000,155598500,28.3
chr1,155598500,155599000,32.7
chr1,155599000,155599500,30.4
chr1,155599500,155600000,28.2
chr1,155600000,155600500,29.2
chr1,155600500,155601000,31.7
chr1,155601000,155601500,30.3
chr1,155601500,155602000,30.4
chr1,155602000,155602500,29
chr1,155602500,155603000,30.1
chr1,155603000,155603500,32
chr1,155603500,155604000,30.7
chr1,155604000,155604500,31.7
chr1,155604500,155605000,29.6
chr1,155605000,155605500,30.5
chr1,155605500,155606000,31.7
chr1,155606000,155606500,28.6
chr1,155606500,155607000,28.7
chr1,155607000,155607500,27.7
chr1,155607500,155608000,29.2
chr1,155608000,155608500,32.4
chr1,155608500,155609000,30
chr1,155609000,155609500,28.4
chr1,155609500,155610000,27
chr1,155610000,155610500,32.6
chr1,155610500,155611000,29
chr1,155611000,155611500,27.2
chr1,155611500,155612000,32.1
chr1,155612000,155612500,30.8
chr1,155612500,155613000,31.9
chr1,155613000,155613500,32.5
chr1,155613500,155614000,29.6
chr1,155614000,155614500,27.7
chr1,155614500,155615000,30.3
chr1,155615000,155615500,32.4
chr1,155615500,155616000,30.5
chr1,155616000,155616500,31.2
chr1,155616500,155617000,29.5
chr1,155617000,155617500,28.1
chr1,155617500,155618000,32.1
chr1,155618000,155618500,29.7
chr1,155618500,155619000,30.8
chr1,155619000,155619500,31
chr1,155619500,155620000,28.5
chr1,155620000,155620500,27.6
chr1,155620500,155621000,27.6
chr1,155621000,155621500,28.4
chr1,155621500,155622000,32
chr1,155622000,155622500,29.3
chr1,155622500,155623000,32.2
chr1,155623000,155623500,27.2
chr1,155623500,155624000,32.6
chr1,155624000,155624500,29.6
chr1,155624500,155625000,29.4
chr1,155625000,155625500,27
chr1,155625500,155626000,30.1
chr1,155626000,155626500,27.5
chr1,155626500,155627000,29.2
chr1,155627000,155627500,27.4
chr1,155627500,155628000,27.8
chr1,155628000,155628500,30.5
chr1,155628500,155629000,32.8
chr1,155629000,155629500,31.4
chr1,155629500,155630000,28.7
chr1,155630000,155630500,31
chr1,155630500,155631000,27.5
chr1,155631000,155631500,30.3
chr1,155631500,155632000,32.1
chr1,155632000,155632500,28.7
chr1,155632500,155633000,31.7
chr1,155633000,155633500,31.1
chr1,155633500,155634000,27.4
chr1,155634000,155634500,29.9
chr1,155634500,155635000,28.3
chr1,155635000,155635500,28.4
chr1,155635500,155636000,28.3
chr1,155636000,155636500,29.2
chr1,155636500,155637000,30.7
chr1,155637000,155637500,32.6
chr1,155637500,155638000,28.7
chr1,155638000,155638500,32.8
chr1,155638500,155639000,32.7
chr1,155639000,155639500,32.4
chr1,155639500,155640000,29.6
chr1,155640000,155640500,28.7
chr1,155640500,155641000,31.5
chr1,155641000,155641500,29.7
chr1,155641500,155642000,30.2
chr1,155642000,155642500,32.3
chr1,155642500,155643000,30.1
chr1,155643000,155643500,31.7
chr1,155643500,155644000,29.2
chr1,155644000,155644500,28
chr1,155644500,155645000,27.7
chr1,155645000,155645500,29.6
chr1,155645500,155646000,31.3
chr1,155646000,155646500,28.8
chr1,155646500,155647000,31.3
chr1,155647000,155647500,32.3
chr1,155647500,155648000,27.3
chr1,155648000,155648500,30.6
chr1,155648500,155649000,29.8
chr1,155649000,155649500,31.9
chr1,155649500,155650000,32.2
chr1,155650000,155650500,30.3
chr1,155650500,155651000,27.5
chr1,155651000,155651500,29.4
chr1,155651500,155652000,28.2
chr1,155652000,155652500,29.7
chr1,155652500,155653000,30.9
chr1,155653000,155653500,32.8
chr1,155653500,155654000,30.5
chr1,155654000,155654500,29.2
chr1,155654500,155655000,28.8
chr1,155655000,155655500,29.9
chr1,155655500,155656000,29.4
chr1,155656000,155656500,32.8
chr1,155656500,155657000,31.8
chr1,155657000,155657500,29.4
chr1,155657500,155658000,29.6
chr1,155658000,155658500,28.1
chr1,155658500,155659000,29.7
chr1,155659000,155659500,28
chr1,155659500,155660000,32.2
chr1,155660000,155660500,32.6
chr1,155660500,155661000,27.5
chr1,155661000,155661500,30.4
chr1,155661500,155662000,32.4
chr1,155662000,155662500,32.5
chr1,155662500,155663000,28.7
chr1,155663000,155663500,32.5
chr1,155663500,155664000,31.9
chr1,155664000,155664500,31.1
chr1,155664500,155665000,29
chr1,155665000,155665500,27.6
chr1,155665500,155666000,28.7
chr1,155666000,155666500,32.8
chr1,155666500,155667000,28.4
chr1,155667000,155667500,27.5
chr1,155667500,155668000,30.2
chr1,155668000,155668500,27.9
chr1,155668500,155669000,28.9
chr1,155669000,155669500,32.4
chr1,155669500,155670000,30.1
chr1,155670000,155670500,31.9
chr1,155670500,155671000,29.1
chr1,155671000,155671500,27.2
chr1,155671500,155672000,30.1
chr1,155672000,155672500,28.5
chr1,155672500,155673000,32.8
chr1,155673000,155673500,32.7
chr1,155673500,155674000,31.5
chr1,155674000,155674500,30.2
chr1,155674500,155675000,27.5
chr1,155675000,155675500,27.3
chr1,155675500,155676000,27.4
chr1,155676000,155676500,27.5
chr1,155676500,155677000,27.7
chr1,155677000,155677500,29.5
chr1,155677500,155678000,31.6
chr1,155678000,155678500,27.8
chr1,155678500,155679000,31
chr1,155679000,155679500,27.1
chr1,155679500,155680000,30.7
chr1,155680000,155680500,32.5
chr1,155680500,155681000,31.8
chr1,155681000,155681500,30.8
chr1,155681500,155682000,27
chr1,155682000,155682500,28.5
chr1,155682500,155683000,29.5
chr1,155683000,155683500,32.7
chr1,155683500,155684000,31.2
chr1,155684000,155684500,31.5
chr1,155684500,155685000,28.7
chr1,155685000,155685500,28.9
chr1,155685500,155686000,27.3
chr1,155686000,155686500,30.2
chr1,155686500,155687000,30.6
chr1,155687000,155687500,28.7
chr1,155687500,155688000,32.5
chr1,155688000,155688500,28.1
chr1,155688500,155689000,28.6
chr1,155689000,155689500,30
chr1,155689500,155690000,29.8
chr1,155690000,155690500,31.1
chr1,155690500,155691000,27.6
chr1,155691000,155691500,27.9
chr1,155691500,155692000,30.4
chr1,155692000,155692500,30.2
chr1,155692500,155693000,30.9
chr1,155693000,155693500,27.5
chr1,155693500,155694000,32.5
chr1,155694000,155694500,31.8
chr1,155694500,155695000,28.9
chr1,155695000,155695500,30.8
chr1,155695500,155696000,27
chr1,155696000,155696500,30.1
chr1,155696500,155697000,28.4
chr1,155697000,155697500,32.3
chr1,155697500,155698000,27
chr1,155698000,155698500,30.8
chr1,155698500,155699000,32.8
chr1,155699000,155699500,28.6
chr1,155699500,155700000,29.6
chr1,155700000,155700500,30.7
chr1,155700500,155701000,27.4
chr1,155701000,155701500,32.6
chr1,155701500,155702000,28.5
chr1,155702000,155702500,31.3
chr1,155702500,155703000,30.9
chr1,155703000,155703500,31.9
chr1,155703500,155704000,32.7
chr1,155704000,155704500,28.1
chr1,155704500,155705000,29.5
chr1,155705000,155705500,30.1
chr1,155705500,155706000,31.3
chr1,155706000,155706500,28.8
chr1,155706500,155707000,31.6
chr1,155707000,155707500,30.7
chr1,155707500,155708000,31.5
chr1,155708000,155708500,29.9
chr1,155708500,155709000,28.3
chr1,155709000,155709500,29.7
chr1,155709500,155710000,27.2
chr1,155710000,155710500,32.2
chr1,155710500,155711000,32.5
chr1,155711000,155711500,31
chr1,155711500,155712000,28.5
chr1,155712000,155712500,32
chr1,155712500,155713000,28
chr1,155713000,155713500,28.1
chr1,155713500,155714000,30.3
chr1,155714000,155714500,32.4
chr1,155714500,155715000,31.6
chr1,155715000,155715500,32
chr1,155715500,155716000,29.4
chr1,155716000,155716500,31.7
chr1,155716500,155717000,28.1
chr1,155717000,155717500,27.3
chr1,155717500,155718000,27.3
chr1,155718000,155718500,27.2
chr1,155718500,155719000,31.7
chr1,155719000,155719500,27.9
chr1,155719500,155720000,30.3
chr1,155720000,155720500,28
chr1,155720500,155721000,27.1
chr1,155721000,155721500,27.2
chr1,155721500,155722000,31.4
chr1,155722000,155722500,32
chr1,155722500,155723000,28.3
chr1,155723000,155723500,32.4
chr1,155723500,155724000,31.7
chr1,155724000,155724500,27.3
chr1,155724500,155725000,31.7
chr1,155725000,155725500,27.9
chr1,155725500,155726000,27.1
chr1,155726000,155726500,30.8
chr1,155726500,155727000,27.1
chr1,155727000,155727500,30.9
chr1,155727500,155728000,29.1
chr1,155728000,155728500,27.3
chr1,155728500,155729000,32.7
chr1,155729000,155729500,27.2
chr1,155729500,155730000,29.9
chr1,155730000,155730500,28.1
chr1,155730500,155731000,27.2
chr1,155731000,155731500,32.6
chr1,155731500,155732000,32.2
chr1,155732000,155732500,31.1
chr1,155732500,155733000,30.2
chr1,155733000,155733500,29.5
chr1,155733500,155734000,29.6
chr1,155734000,155734500,29.6
chr1,155734500,155735000,30.4
chr1,155735000,155735500,27.1
chr1,155735500,155736000,28.1
chr1,155736000,155736500,29.8
chr1,155736500,155737000,29.1
chr1,155737000,155737500,27.7
chr1,155737500,155738000,28.3
chr1,155738000,155738500,29.3
chr1,155738500,155739000,29.9
chr1,155739000,155739500,28.1
chr1,155739500,155740000,29.9
chr1,155740000,155740500,30.8
chr1,155740500,155741000,27.8
chr1,155741000,155741500,32.1
chr1,155741500,155742000,27.3
chr1,155742000,155742500,32
chr1,155742500,155743000,32.9
chr1,155743000,155743500,28.5
chr1,155743500,155744000,32
chr1,155744000,155744500,28.8
chr1,155744500,155745000,31.7
chr1,155745000,155745500,27.8
chr1,155745500,155746000,27.2
chr1,155746000,155746500,31.6
chr1,155746500,155747000,32.6
chr1,155747000,155747500,30.3
chr1,155747500,155748000,32.4
chr1,155748000,155748500,32
chr1,155748500,155749000,29.6
chr1,155749000,155749500,28.2
chr1,155749500,155750000,27.9
chr1,155750000,155750500,32.6
chr1,155750500,155751000,32.1
chr1,155751000,155751500,31.4
chr1,155751500,155752000,27.5
chr1,155752000,155752500,32.9
chr1,155752500,155753000,29.3
chr1,155753000,155753500,28.6
chr1,155753500,155754000,33
chr1,155754000,155754500,32.8
chr1,155754500,155755000,31.4
chr1,155755000,155755500,32.8
chr1,155755500,155756000,31.5
chr1,155756000,155756500,31.2
chr1,155756500,155757000,29
chr1,155757000,155757500,28.8
chr1,155757500,155758000,32.7
chr1,155758000,155758500,27.7
chr1,155758500,155759000,30.3
chr1,155759000,155759500,28
chr1,155759500,155760000,29.8
chr1,155760000,155760500,29.7
chr1,155760500,155761000,28.7
chr1,155761000,155761500,31
chr1,155761500,155762000,27.7
chr1,155762000,155762500,31.2
chr1,155762500,155763000,29
chr1,155763000,155763500,30.5
chr1,155763500,155764000,29.5
chr1,155764000,155764500,27.5
chr1,155764500,155765000,30.8
chr1,155765000,155765500,29.4
chr1,155765500,155766000,30.5
chr1,155766000,155766500,29.4
chr1,155766500,155767000,27.6
chr1,155767000,155767500,29.5
chr1,155767500,155768000,28.7
chr1,155768000,155768500,30.8
chr1,155768500,155769000,32.8
chr1,155769000,155769500,28.1
chr1,155769500,155770000,27.9
chr1,155770000,155770500,31
chr1,155770500,155771000,29.9
chr1,155771000,155771500,32.9
chr1,155771500,155772000,29.1
chr1,155772000,155772500,27.7
chr1,155772500,155773000,32
chr1,155773000,155773500,27.5
chr1,155773500,155774000,28.1
chr1,155774000,155774500,32.7
chr1,155774500,155775000,28.1
chr1,155775000,155775500,29.5
chr1,155775500,155776000,32.3
chr1,155776000,155776500,31.4
chr1,155776500,155777000,27.4
chr1,155777000,155777500,31.9
chr1,155777500,155778000,27.4
chr1,155778000,155778500,27.7
chr1,155778500,155779000,30.7
chr1,155779000,155779500,31.2
chr1,155779500,155780000,29.3
chr1,155780000,155780500,29.6
chr1,155780500,155781000,28.2
chr1,155781000,155781500,33
chr1,155781500,155782000,28
chr1,155782000,155782500,31.8
chr1,155782500,155783000,31.1
chr1,155783000,155783500,32.2
chr1,155783500,155784000,29.2
chr1,155784000,155784500,29.9
chr1,155784500,155785000,27
chr1,155785000,155785500,31.4
chr1,155785500,155786000,28.4
chr1,155786000,155786500,31.7
chr1,155786500,155787000,27.2
chr1,155787000,155787500,31.2
chr1,155787500,155788000,31
chr1,155788000,155788500,32.1
chr1,155788500,155789000,29.4
chr1,155789000,155789500,29.9
chr1,155789500,155790000,30.5
chr1,155790000,155790500,32
chr1,155790500,155791000,32.3
chr1,155791000,155791500,31.3
chr1,155791500,155792000,31.5
chr1,155792000,155792500,29.2
chr1,155792500,155793000,29.9
chr1,155793000,155793500,31.2
chr1,155793500,155794000,27.1
chr1,155794000,155794500,27.8
chr1,155794500,155795000,31.2
chr1,155795000,155795500,31.6
chr1,155795500,155796000,30.7
chr1,155796000,155796500,31.1
chr1,155796500,155797000,31
chr1,155797000,155797500,30
chr1,155797500,155798000,29.8
chr1,155798000,155798500,29.1
chr1,155798500,155799000,32.4
chr1,155799000,155799500,31.7
chr1,155799500,155800000,31.6
chr1,155800000,155800500,31.7
chr1,155800500,155801000,28.8
chr1,155801000,155801500,31.7
chr1,155801500,155802000,31.5
chr1,155802000,155802500,31.9
chr1,155802500,155803000,29.6
chr1,155803000,155803500,28.5
chr1,155803500,155804000,28.3
chr1,155804000,155804500,32.4
chr1,155804500,155805000,28.2
chr1,155805000,155805500,33
chr1,155805500,155806000,30.4
chr1,155806000,155806500,31.5
chr1,155806500,155807000,27.1
chr1,155807000,155807500,30.9
chr1,155807500,155808000,31.9
chr1,155808000,155808500,29.2
chr1,155808500,155809000,32.2
chr1,155809000,155809500,27.4
chr1,155809500,155810000,28.8
chr1,155810000,155810500,32.7
chr1,155810500,155811000,31.4
chr1,155811000,155811500,29.1
chr1,155811500,155812000,31.6
chr1,155812000,155812500,29.9
chr1,155812500,155813000,28.6
chr1,155813000,155813500,27.1
chr1,155813500,155814000,28.9
chr1,155814000,155814500,27.6
chr1,155814500,155815000,29.7
chr1,155815000,155815500,28.6
chr1,155815500,155816000,28.5
chr1,155816000,155816500,31.3
chr1,155816500,155817000,31.9
chr1,155817000,155817500,31.9
chr1,155817500,155818000,31.7
chr1,155818000,155818500,27.7
chr1,155818500,155819000,30.1
chr1,155819000,155819500,32.9
chr1,155819500,155820000,29
chr1,155820000,155820500,29.8
chr1,155820500,155821000,27.4
chr1,155821000,155821500,31.1
chr1,155821500,155822000,30.9
chr1,155822000,155822500,30.6
chr1,155822500,155823000,29.1
chr1,155823000,155823500,32
chr1,155823500,155824000,32.4
chr1,155824000,155824500,33
chr1,155824500,155825000,31.9
chr1,155825000,155825500,31.2
chr1,155825500,155826000,31.3
chr1,155826000,155826500,30.2
chr1,155826500,155827000,29.5
chr1,155827000,155827500,30.4
chr1,155827500,155828000,29.7
chr1,155828000,155828500,30.7
chr1,155828500,155829000,28.6
chr1,155829000,155829500,30.3
chr1,155829500,155830000,31
chr1,155830000,155830500,30.4
chr1,155830500,155831000,29.4
chr1,155831000,155831500,28.7
chr1,155831500,155832000,32.2
chr1,155832000,155832500,29.3
chr1,155832500,155833000,32.4
chr1,155833000,155833500,31.8
chr1,155833500,155834000,31.8
chr1,155834000,155834500,31.3
chr1,155834500,155835000,29
chr1,155835000,155835500,27
chr1,155835500,155836000,27.1
chr1,155836000,155836500,28.1
chr1,155836500,155837000,28.7
chr1,155837000,155837500,28.7
chr1,155837500,155838000,31.2
chr1,155838000,155838500,29
chr1,155838500,155839000,27.8
chr1,155839000,155839500,31.5
chr1,155839500,155840000,30.6
chr1,155840000,155840500,29.8
chr1,155840500,155841000,28.5
chr1,155841000,155841500,29.2
chr1,155841500,155842000,32.5
chr1,155842000,155842500,28.6
chr1,155842500,155843000,30.7
chr1,155843000,155843500,30.2
chr1,155843500,155844000,29
chr1,155844000,155844500,31.8
chr1,155844500,155845000,29.3
chr1,155845000,155845500,32.9
chr1,155845500,155846000,27
chr1,155846000,155846500,31.6
chr1,155846500,155847000,29.1
chr1,155847000,155847500,30.9
chr1,155847500,155848000,27.5
chr1,155848000,155848500,30.8
chr1,155848500,155849000,29.3
chr1,155849000,155849500,28.6
chr1,155849500,155850000,28.3
chr1,155850000,155850500,28
chr1,155850500,155851000,31.6
chr1,155851000,155851500,28.7
chr1,155851500,155852000,30.4
chr1,155852000,155852500,32.7
chr1,155852500,155853000,29
chr1,155853000,155853500,32.7
chr1,155853500,155854000,29.1
chr1,155854000,155854500,29.3
chr1,155854500,155855000,31
chr1,155855000,155855500,28.3
chr1,155855500,155856000,31.9
chr1,155856000,155856500,29.6
chr1,155856500,155857000,27.7
chr1,155857000,155857500,28
chr1,155857500,155858000,27.8
chr1,155858000,155858500,29.3
chr1,155858500,155859000,32.2
chr1,155859000,155859500,28.3
chr1,155859500,155860000,29.7
chr1,155860000,155860500,32.3
chr1,155860500,155861000,28.9
chr1,155861000,155861500,27.6
chr1,155861500,155862000,27
chr1,155862000,155862500,32.5
chr1,155862500,155863000,28.8
chr1,155863000,155863500,32.9
chr1,155863500,155864000,32.2
chr1,155864000,155864500,28.9
chr1,155864500,155865000,31.8
chr1,155865000,155865500,28
chr1,155865500,155866000,31.4
chr1,155866000,155866500,29.6
chr1,155866500,155867000,29.2
chr1,155867000,155867500,28.9
chr1,155867500,155868000,31.5
chr1,155868000,155868500,27.8
chr1,155868500,155869000,27.6
chr1,155869000,155869500,28.5
chr1,155869500,155870000,27.3
chr1,155870000,155870500,27.8
chr1,155870500,155871000,32
chr1,155871000,155871500,31.5
chr1,155871500,155872000,29.5
chr1,155872000,155872500,29.2
chr1,155872500,155873000,27.7
chr1,155873000,155873500,32.3
chr1,155873500,155874000,29.3
chr1,155874000,155874500,27.8
chr1,155874500,155875000,31
chr1,155875000,155875500,27.7
chr1,155875500,155876000,32.2
chr1,155876000,155876500,28.9
chr1,155876500,155877000,28.5
chr1,155877000,155877500,31.6
chr1,155877500,155878000,29.2
chr1,155878000,155878500,27.3
chr1,155878500,155879000,31.5
chr1,155879000,155879500,32.4
chr1,155879500,155880000,27.2
chr1,155880000,155880500,30.5
chr1,155880500,155881000,28.6
chr1,155881000,155881500,30.3
chr1,155881500,155882000,29.3
chr1,155882000,155882500,32.4
chr1,155882500,155883000,29.8
chr1,155883000,155883500,30.5
chr1,155883500,155884000,27.1
chr1,155884000,155884500,29.7
chr1,155884500,155885000,32.2
chr1,155885000,155885500,32.7
chr1,155885500,155886000,27.5
chr1,155886000,155886500,28
chr1,155886500,155887000,27.9
chr1,155887000,155887500,27.8
chr1,155887500,155888000,27.8
chr1,155888000,155888500,28.7
chr1,155888500,155889000,32.8
chr1,155889000,155889500,31.2
chr1,155889500,155890000,27.2
chr1,155890000,155890500,28
chr1,155890500,155891000,31.2
chr1,155891000,155891500,30.9
chr1,155891500,155892000,32.4
chr1,155892000,155892500,31.6
chr1,155892500,155893000,27.1
chr1,155893000,155893500,31.9
chr1,155893500,155894000,32.9
chr1,155894000,155894500,29.5
chr1,155894500,155895000,31.6
chr1,155895000,155895500,31.3
chr1,155895500,155896000,32.7
chr1,155896000,155896500,31
chr1,155896500,155897000,27.7
chr1,155897000,155897500,28.8
chr1,155897500,155898000,28.7
chr1,155898000,155898500,32.2
chr1,155898500,155899000,29.6
chr1,155899000,155899500,28
chr1,155899500,155900000,33
chr1,155900000,155900500,30.8
chr1,155900500,155901000,29.8
chr1,155901000,155901500,28.9
chr1,155901500,155902000,29.8
chr1,155902000,155902500,31.9
chr1,155902500,155903000,30.9
chr1,155903000,155903500,30.9
chr1,155903500,155904000,31
chr1,155904000,155904500,31
chr1,155904500,155905000,27.6
chr1,155905000,155905500,28.6
chr1,155905500,155906000,27.7
chr1,155906000,155906500,32
chr1,155906500,155907000,32.8
chr1,155907000,155907500,31.5
chr1,155907500,155908000,32.7
chr1,155908000,155908500,29.1
chr1,155908500,155909000,29.7
chr1,155909000,155909500,29
chr1,155909500,155910000,27.1
chr1,155910000,155910500,32.6
chr1,155910500,155911000,31.7
chr1,155911000,155911500,27.4
chr1,155911500,155912000,31.2
chr1,155912000,155912500,28
chr1,155912500,155913000,30.6
chr1,155913000,155913500,32.8
chr1,155913500,155914000,32.6
chr1,155914000,155914500,29.9
chr1,155914500,155915000,27.8
chr1,155915000,155915500,29.7
chr1,155915500,155916000,28.7
chr1,155916000,155916500,27.4
chr1,155916500,155917000,31.5
chr1,155917000,155917500,28.2
chr1,155917500,155918000,28.4
chr1,155918000,155918500,27.9
chr1,155918500,155919000,31.7
chr1,155919000,155919500,31.9
chr1,155919500,155920000,27.7
chr1,155920000,155920500,30.9
chr1,155920500,155921000,27.3
chr1,155921000,155921500,32.2
chr1,155921500,155922000,29.2
chr1,155922000,155922500,29.7
chr1,155922500,155923000,32.8
chr1,155923000,155923500,31.8
chr1,155923500,155924000,27.8
chr1,155924000,155924500,31.3
chr1,155924500,155925000,29.8
chr1,155925000,155925500,29.9
chr1,155925500,155926000,32
chr1,155926000,155926500,28.1
chr1,155926500,155927000,27.7
chr1,155927000,155927500,28.6
chr1,155927500,155928000,32.7
chr1,155928000,155928500,29
chr1,155928500,155929000,27.1
chr1,155929000,155929500,27.8
chr1,155929500,155930000,30.7
chr1,155930000,155930500,31.4
chr1,155930500,155931000,29.1
chr1,155931000,155931500,27.6
chr1,155931500,155932000,27
chr1,155932000,155932500,32.5
chr1,155932500,155933000,32
chr1,155933000,155933500,30.2
chr1,155933500,155934000,27
chr1,155934000,155934500,29.6
chr1,155934500,155935000,29.1
chr1,155935000,155935500,27.2
chr1,155935500,155936000,32.2
chr1,155936000,155936500,27.2
chr1,155936500,155937000,30
chr1,155937000,155937500,29.4
chr1,155937500,155938000,29.2
chr1,155938000,155938500,27.9
chr1,155938500,155939000,29.4
chr1,155939000,155939500,31.4
chr1,155939500,155940000,32
chr1,155940000,155940500,30.9
chr1,155940500,155941000,32.6
chr1,155941000,155941500,28.2
chr1,155941500,155942000,31
chr1,155942000,155942500,31.4
chr1,155942500,155943000,30.3
chr1,155943000,155943500,32.7
chr1,155943500,155944000,30.2
chr1,155944000,155944500,32.6
chr1,155944500,155945000,28.8
chr1,155945000,155945500,32.8
chr1,155945500,155946000,32
chr1,155946000,155946500,32.8
chr1,155946500,155947000,27.6
chr1,155947000,155947500,28.5
chr1,155947500,155948000,30
chr1,155948000,155948500,29.3
chr1,155948500,155949000,29.3
chr1,155949000,155949500,30
chr1,155949500,155950000,31.2
chr1,155950000,155950500,28.7
chr1,155950500,155951000,27.7
chr1,155951000,155951500,31.9
chr1,155951500,155952000,28.9
chr1,155952000,155952500,32.8
chr1,155952500,155953000,30.7
chr1,155953000,155953500,27.9
chr1,155953500,155954000,31.3
chr1,155954000,155954500,31.2
chr1,155954500,155955000,28.7
chr1,155955000,155955500,32.6
chr1,155955500,155956000,30.2
chr1,155956000,155956500,28.7
chr1,155956500,155957000,32.7
chr1,155957000,155957500,29.1
chr1,155957500,155958000,27.2
chr1,155958000,155958500,31.1
chr1,155958500,155959000,31.7
chr1,155959000,155959500,30.4
chr1,155959500,155960000,27.9
chr1,155960000,155960500,27.7
chr1,155960500,155961000,28.8
chr1,155961000,155961500,31.3
chr1,155961500,155962000,27.2
chr1,155962000,155962500,29.7
chr1,155962500,155963000,32.3
chr1,155963000,155963500,27.8
chr1,155963500,155964000,32.2
chr1,155964000,155964500,30.7
chr1,155964500,155965000,27.1
chr1,155965000,155965500,31.4
chr1,155965500,155966000,32.6
chr1,155966000,155966500,30.4
chr1,155966500,155967000,31
chr1,155967000,155967500,29.2
chr1,155967500,155968000,27.3
chr1,155968000,155968500,32.7
chr1,155968500,155969000,29.9
chr1,155969000,155969500,29.2
chr1,155969500,155970000,27.7
chr1,155970000,155970500,28.5
chr1,155970500,155971000,31.1
chr1,155971000,155971500,30.3
chr1,155971500,155972000,30.4
chr1,155972000,155972500,32.3
chr1,155972500,155973000,32.2
chr1,155973000,155973500,27.3
chr1,155973500,155974000,32.9
chr1,155974000,155974500,31.4
chr1,155974500,155975000,27.2
chr1,155975000,155975500,29.2
chr1,155975500,155976000,27.2
chr1,155976000,155976500,29.9
chr1,155976500,155977000,31.3
chr1,155977000,155977500,30.7
chr1,155977500,155978000,28
chr1,155978000,155978500,30.2
chr1,155978500,155979000,29.1
chr1,155979000,155979500,27.4
chr1,155979500,155980000,28
chr1,155980000,155980500,29.9
chr1,155980500,155981000,32.3
chr1,155981000,155981500,28.4
chr1,155981500,155982000,30.8
chr1,155982000,155982500,28.7
chr1,155982500,155983000,31.4
chr1,155983000,155983500,32
chr1,155983500,155984000,29.8
chr1,155984000,155984500,30.3
chr1,155984500,155985000,30.3
chr1,155985000,155985500,28.9
chr1,155985500,155986000,28.1
chr1,155986000,155986500,27.5
chr1,155986500,155987000,30.1
chr1,155987000,155987500,28.3
chr1,155987500,155988000,29.1
chr1,155988000,155988500,27.5
chr1,155988500,155989000,30
chr1,155989000,155989500,27.1
chr1,155989500,155990000,30.5
chr1,155990000,155990500,30.5
chr1,155990500,155991000,29.5
chr1,155991000,155991500,27.1
chr1,155991500,155992000,28.8
chr1,155992000,155992500,29.8
chr1,155992500,155993000,28.8
chr1,155993000,155993500,28.8
chr1,155993500,155994000,31.6
chr1,155994000,155994500,32.6
chr1,155994500,155995000,32.7
chr1,155995000,155995500,28.2
chr1,155995500,155996000,28.8
chr1,155996000,155996500,31.5
chr1,155996500,155997000,28.2
chr1,155997000,155997500,29.3
chr1,155997500,155998000,32.6
chr1,155998000,155998500,30.5
chr1,155998500,155999000,31.3
chr1,155999000,155999500,32.9
chr1,155999500,156000000,31.6
chr1,156000000,156000500,30.8
chr1,156000500,156001000,28.6
chr1,156001000,156001500,32.5
chr1,156001500,156002000,32.2
chr1,156002000,156002500,27.1
chr1,156002500,156003000,27.5
chr1,156003000,156003500,30.2
chr1,156003500,156004000,32.1
chr1,156004000,156004500,30.5
chr1,156004500,156005000,29.7
chr1,156005000,156005500,30.2
chr1,156005500,156006000,28.7
chr1,156006000,156006500,30.4
chr1,156006500,156007000,32.6
chr1,156007000,156007500,32.5
chr1,156007500,156008000,31.9
chr1,156008000,156008500,28.2
chr1,156008500,156009000,31
chr1,156009000,156009500,30.9
chr1,156009500,156010000,32.1
chr1,156010000,156010500,28.6
chr1,156010500,156011000,29.8
chr1,156011000,156011500,30.2
chr1,156011500,156012000,30.5
chr1,156012000,156012500,30.1
chr1,156012500,156013000,31.4
chr1,156013000,156013500,32
chr1,156013500,156014000,27.3
chr1,156014000,156014500,27.7
chr1,156014500,156015000,31.5
chr1,156015000,156015500,31.8
chr1,156015500,156016000,30.2
chr1,156016000,156016500,30.2
chr1,156016500,156017000,30.4
chr1,156017000,156017500,28.1
chr1,156017500,156018000,28.4
chr1,156018000,156018500,27.9
chr1,156018500,156019000,29
chr1,156019000,156019500,32
chr1,156019500,156020000,31.2
chr1,156020000,156020500,30.8
chr1,156020500,156021000,31.9
chr1,156021000,156021500,32
chr1,156021500,156022000,29.8
chr1,156022000,156022500,29.7
chr1,156022500,156023000,30.5
chr1,156023000,156023500,28.4
chr1,156023500,156024000,29.9
chr1,156024000,156024500,32.4
chr1,156024500,156025000,31.8
chr1,156025000,156025500,29.6
chr1,156025500,156026000,27.6
chr1,156026000,156026500,28.7
chr1,156026500,156027000,29.4
chr1,156027000,156027500,32.3
chr1,156027500,156028000,32.2
chr1,156028000,156028500,28.6
chr1,156028500,156029000,32.3
chr1,156029000,156029500,32.5
chr1,156029500,156030000,31.9
chr1,156030000,156030500,27.1
chr1,156030500,156031000,30
chr1,156031000,156031500,29
chr1,156031500,156032000,32.2
chr1,156032000,156032500,27.5
chr1,156032500,156033000,31.7
chr1,156033000,156033500,29
chr1,156033500,156034000,30
chr1,156034000,156034500,32.8
chr1,156034500,156035000,31.5
chr1,156035000,156035500,31.6
chr1,156035500,156036000,31.9
chr1,156036000,156036500,30.1
chr1,156036500,156037000,27.2
chr1,156037000,156037500,27.1
chr1,156037500,156038000,32.2
chr1,156038000,156038500,28.8
chr1,156038500,156039000,29.9
chr1,156039000,156039500,30.3
chr1,156039500,156040000,27.1
chr1,156040000,156040500,31.3
chr1,156040500,156041000,29.3
chr1,156041000,156041500,29.8
chr1,156041500,156042000,28.4
chr1,156042000,156042500,31.1
chr1,156042500,156043000,30.2
chr1,156043000,156043500,29.3
chr1,156043500,156044000,30
chr1,156044000,156044500,27.6
chr1,156044500,156045000,27.7
chr1,156045000,156045500,31.4
chr1,156045500,156046000,29.9
chr1,156046000,156046500,30.1
chr1,156046500,156047000,29.5
chr1,156047000,156047500,30
chr1,156047500,156048000,29
chr1,156048000,156048500,32.1
chr1,156048500,156049000,31.4
chr1,156049000,156049500,27.5
chr1,156049500,156050000,30.9
chr1,156050000,156050500,29.6
chr1,156050500,156051000,28.5
chr1,156051000,156051500,27.6
chr1,156051500,156052000,29
chr1,156052000,156052500,27.9
chr1,156052500,156053000,31.9
chr1,156053000,156053500,32.9
chr1,156053500,156054000,28.6
chr1,156054000,156054500,32.9
chr1,156054500,156055000,28.3
chr1,156055000,156055500,30.5
chr1,156055500,156056000,28
chr1,156056000,156056500,29.7
chr1,156056500,156057000,33
chr1,156057000,156057500,32.3
chr1,156057500,156058000,30.9
chr1,156058000,156058500,28.8
chr1,156058500,156059000,28.6
chr1,156059000,156059500,28.3
chr1,156059500,156060000,29.5
chr1,156060000,156060500,30.4
chr1,156060500,156061000,32.7
chr1,156061000,156061500,27.2
chr1,156061500,156062000,30.8
chr1,156062000,156062500,32.4
chr1,156062500,156063000,30.8
chr1,156063000,156063500,27.3
chr1,156063500,156064000,28.1
chr1,156064000,156064500,27.4
chr1,156064500,156065000,29.7
chr1,156065000,156065500,32.1
chr1,156065500,156066000,31.1
chr1,156066000,156066500,27.8
chr1,156066500,156067000,31.6
chr1,156067000,156067500,29
chr1,156067500,156068000,30.3
chr1,156068000,156068500,28.3
chr1,156068500,156069000,32.3
chr1,156069000,156069500,27.5
chr1,156069500,156070000,32.1
chr1,156070000,156070500,32.9
chr1,156070500,156071000,27.6
chr1,156071000,156071500,27.5
chr1,156071500,156072000,32.2
chr1,156072000,156072500,28
chr1,156072500,156073000,28.6
chr1,156073000,156073500,27.2
chr1,156073500,156074000,31
chr1,156074000,156074500,30.9
chr1,156074500,156075000,29.7
chr1,156075000,156075500,29
chr1,156075500,156076000,30.7
chr1,156076000,156076500,28
chr1,156076500,156077000,29.9
chr1,156077000,156077500,30.9
chr1,156077500,156078000,29.4
chr1,156078000,156078500,32.4
chr1,156078500,156079000,31.2
chr1,156079000,156079500,27.7
chr1,156079500,156080000,31.7
chr1,156080000,156080500,32
chr1,156080500,156081000,32.8
chr1,156081000,156081500,27
chr1,156081500,156082000,27.8
chr1,156082000,156082500,29.6
chr1,156082500,156083000,31.2
chr1,156083000,156083500,30.7
chr1,156083500,156084000,32.3
chr1,156084000,156084500,32.3
chr1,156084500,156085000,31
chr1,156085000,156085500,29.5
chr1,156085500,156086000,31.1
chr1,156086000,156086500,30.2
chr1,156086500,156087000,29.9
chr1,156087000,156087500,31.7
chr1,156087500,156088000,29.1
chr1,156088000,156088500,31.4
chr1,156088500,156089000,30.5
chr1,156089000,156089500,31.3
chr1,156089500,156090000,28.3
chr1,156090000,156090500,32
chr1,156090500,156091000,32.2
chr1,156091000,156091500,28.1
chr1,156091500,156092000,30.3
chr1,156092000,156092500,30.4
chr1,156092500,156093000,30.8
chr1,156093000,156093500,29.2
chr1,156093500,156094000,30.7
chr1,156094000,156094500,27.8
chr1,156094500,156095000,30.6
chr1,156095000,156095500,27.1
chr1,156095500,156096000,30.7
chr1,156096000,156096500,31.6
chr1,156096500,156097000,29.4
chr1,156097000,156097500,31.5
chr1,156097500,156098000,29
chr1,156098000,156098500,28.8
chr1,156098500,156099000,27.6
chr1,156099000,156099500,30.3
chr1,156099500,156100000,28.1
chr1,156100000,156100500,30.2
chr1,156100500,156101000,28.4
chr1,156101000,156101500,28.6
chr1,156101500,156102000,27.5
chr1,156102000,156102500,32.4
chr1,156102500,156103000,27.7
chr1,156103000,156103500,28.1
chr1,156103500,156104000,27.7
chr1,156104000,156104500,28.5
chr1,156104500,156105000,30.6
chr1,156105000,156105500,27.6
chr1,156105500,156106000,30.2
chr1,156106000,156106500,31.9
chr1,156106500,156107000,30.1
chr1,156107000,156107500,27.7
chr1,156107500,156108000,27.7
chr1,156108000,156108500,28.5
chr1,156108500,156109000,28.5
chr1,156109000,156109500,32.2
chr1,156109500,156110000,27.5
chr1,156110000,156110500,29.8
chr1,156110500,156111000,24.2
chr1,156111000,156111500,22.1
chr1,156111500,156112000,14.1
chr1,156112000,156112500,12.9
chr1,156112500,156113000,15.7
chr1,156113000,156113500,14.4
chr1,156113500,156114000,14.8
chr1,156114000,156114500,14.2
chr1,156114500,156115000,16.6
chr1,156115000,156115500,17.9
chr1,156115500,156116000,17
chr1,156116000,156116500,14.9
chr1,156116500,156117000,14.1
chr1,156117000,156117500,16.4
chr1,156117500,156118000,12.5
chr1,156118000,156118500,12.7
chr1,156118500,156119000,17.2
chr1,156119000,156119500,14.7
chr1,156119500,156120000,17
chr1,156120000,156120500,12.5
chr1,156120500,156121000,17.1
chr1,156121000,156121500,14.1
chr1,156121500,156122000,13.9
chr1,156122000,156122500,17.8
chr1,156122500,156123000,12.4
chr1,156123000,156123500,17.2
chr1,156123500,156124000,15.5
chr1,156124000,156124500,16.8
chr1,156124500,156125000,12.2
chr1,156125000,156125500,17.9
chr1,156125500,156126000,16.7
chr1,156126000,156126500,16.6
chr1,156126500,156127000,17.1
chr1,156127000,156127500,12.9
chr1,156127500,156128000,16.3
chr1,156128000,156128500,16.5
chr1,156128500,156129000,17.1
chr1,156129000,156129500,15.3
chr1,156129500,156130000,17.9
chr1,156130000,156130500,15.8
chr1,156130500,156131000,16.2
chr1,156131000,156131500,14.6
chr1,156131500,156132000,15.4
chr1,156132000,156132500,13.7
chr1,156132500,156133000,13.6
chr1,156133000,156133500,12.7
chr1,156133500,156134000,16
chr1,156134000,156134500,14.4
chr1,156134500,156135000,16.7
chr1,156135000,156135500,13.1
chr1,156135500,156136000,12.5
chr1,156136000,156136500,14.3
chr1,156136500,156137000,16.5
chr1,156137000,156137500,12.3
chr1,156137500,156138000,15
chr1,156138000,156138500,13.6
chr1,156138500,156139000,14.4
chr1,156139000,156139500,15.1
chr1,156139500,156140000,18
chr1,156140000,156140500,15.2
chr1,156140500,156141000,12.1
chr1,156141000,156141500,12.3
chr1,156141500,156142000,14.2
chr1,156142000,156142500,17.5
chr1,156142500,156143000,18.7
chr1,156143000,156143500,22.9
chr1,156143500,156144000,30.7
chr1,156144000,156144500,29.3
chr1,156144500,156145000,31.1
chr1,156145000,156145500,27
chr1,156145500,156146000,29.8
chr1,156146000,156146500,29.5
chr1,156146500,156147000,30.8
chr1,156147000,156147500,31.8
chr1,156147500,156148000,32.6
chr1,156148000,156148500,30.5
chr1,156148500,156149000,30.7
chr1,156149000,156149500,27.6
chr1,156149500,156150000,30.8
chr1,156150000,156150500,29.4
chr1,156150500,156151000,32.2
chr1,156151000,156151500,28
chr1,156151500,156152000,30.3
chr1,156152000,156152500,31.6
chr1,156152500,156153000,33
chr1,156153000,156153500,31.4
chr1,156153500,156154000,31.5
chr1,156154000,156154500,31.3
chr1,156154500,156155000,31.5
chr1,156155000,156155500,28.9
chr1,156155500,156156000,31.1
chr1,156156000,156156500,27.3
chr1,156156500,156157000,30.2
chr1,156157000,156157500,32.6
chr1,156157500,156158000,28.3
chr1,156158000,156158500,30
chr1,156158500,156159000,31
chr1,156159000,156159500,30.8
chr1,156159500,156160000,32.7
chr1,156160000,156160500,31.2
chr1,156160500,156161000,31.6
chr1,156161000,156161500,32.9
chr1,156161500,156162000,31.7
chr1,156162000,156162500,27.4
chr1,156162500,156163000,27
chr1,156163000,156163500,28.3
chr1,156163500,156164000,30.2
chr1,156164000,156164500,30.1
chr1,156164500,156165000,32.9
chr1,156165000,156165500,30.6
chr1,156165500,156166000,30.9
chr1,156166000,156166500,27.9
chr1,156166500,156167000,28.4
chr1,156167000,156167500,28.3
chr1,156167500,156168000,28.7
chr1,156168000,156168500,31.5
chr1,156168500,156169000,32.5
chr1,156169000,156169500,30.4
chr1,156169500,156170000,27.1
chr1,156170000,156170500,27.5
chr1,156170500,156171000,28.9
chr1,156171000,156171500,29.7
chr1,156171500,156172000,32.7
chr1,156172000,156172500,29.8
chr1,156172500,156173000,29.2
chr1,156173000,156173500,27.4
chr1,156173500,156174000,32.8
chr1,156174000,156174500,32.2
chr1,156174500,156175000,29.5
chr1,156175000,156175500,31.9
chr1,156175500,156176000,28.1
chr1,156176000,156176500,27
chr1,156176500,156177000,27.4
chr1,156177000,156177500,31.4
chr1,156177500,156178000,32.9
chr1,156178000,156178500,27.5
chr1,156178500,156179000,31.2
chr1,156179000,156179500,30.4
chr1,156179500,156180000,28.3
chr1,156180000,156180500,29
chr1,156180500,156181000,28.4
chr1,156181000,156181500,32
chr1,156181500,156182000,27.9
chr1,156182000,156182500,32.1
chr1,156182500,156183000,32.5
chr1,156183000,156183500,29.1
chr1,156183500,156184000,27.7
chr1,156184000,156184500,28.5
chr1,156184500,156185000,27.7
chr1,156185000,156185500,30.6
chr1,156185500,156186000,32
chr1,156186000,156186500,27.7
chr1,156186500,156187000,32.2
chr1,156187000,156187500,31.4
chr1,156187500,156188000,29.2
chr1,156188000,156188500,31
chr1,156188500,156189000,33
chr1,156189000,156189500,27.4
chr1,156189500,156190000,28.2
chr1,156190000,156190500,29.8
chr1,156190500,156191000,32.7
chr1,156191000,156191500,32.4
chr1,156191500,156192000,32.6
chr1,156192000,156192500,30
chr1,156192500,156193000,30.7
chr1,156193000,156193500,28.8
chr1,156193500,156194000,30.7
chr1,156194000,156194500,27.7
chr1,156194500,156195000,31.2
chr1,156195000,156195500,32.7
chr1,156195500,156196000,31.9
chr1,156196000,156196500,30.3
chr1,156196500,156197000,29
chr1,156197000,156197500,27.5
chr1,156197500,156198000,32.2
chr1,156198000,156198500,30.9
chr1,156198500,156199000,27.3
chr1,156199000,156199500,31.6
chr1,156199500,156200000,29.1
chr1,156200000,156200500,32.3
chr1,156200500,156201000,27.9
chr1,156201000,156201500,27.2
chr1,156201500,156202000,31.4
chr1,156202000,156202500,31.8
chr1,156202500,156203000,32.6
chr1,156203000,156203500,27.1
chr1,156203500,156204000,31.8
chr1,156204000,156204500,31.5
chr1,156204500,156205000,30.2
chr1,156205000,156205500,32.3
chr1,156205500,156206000,29.6
chr1,156206000,156206500,32.7
chr1,156206500,156207000,28.9
chr1,156207000,156207500,28.2
chr1,156207500,156208000,32.8
chr1,156208000,156208500,27.9
chr1,156208500,156209000,30.9
chr1,156209000,156209500,28.3
chr1,156209500,156210000,30.3
chr1,156210000,156210500,28.1
chr1,156210500,156211000,32.6
chr1,156211000,156211500,30.2
chr1,156211500,156212000,29.6
chr1,156212000,156212500,30.2
chr1,156212500,156213000,30.9
chr1,156213000,156213500,31.7
chr1,156213500,156214000,28.8
chr1,156214000,156214500,30.7
chr1,156214500,156215000,32.3
chr1,156215000,156215500,29.2
chr1,156215500,156216000,29.5
chr1,156216000,156216500,32.4
chr1,156216500,156217000,29
chr1,156217000,156217500,28.4
chr1,156217500,156218000,30.1
chr1,156218000,156218500,28.7
chr1,156218500,156219000,30.1
chr1,156219000,156219500,29
chr1,156219500,156220000,27.2
chr1,156220000,156220500,29.3
chr1,156220500,156221000,27.3
chr1,156221000,156221500,32.4
chr1,156221500,156222000,27.7
chr1,156222000,156222500,29.7
chr1,156222500,156223000,32
chr1,156223000,156223500,27.5
chr1,156223500,156224000,29.8
chr1,156224000,156224500,31
chr1,156224500,156225000,29.4
chr1,156225000,156225500,31.7
chr1,156225500,156226000,31.6
chr1,156226000,156226500,31.7
chr1,156226500,156227000,31.5
chr1,156227000,156227500,31.8
chr1,156227500,156228000,27.2
chr1,156228000,156228500,32.9
chr1,156228500,156229000,27.7
chr1,156229000,156229500,28
chr1,156229500,156230000,31.8
chr1,156230000,156230500,27.4
chr1,156230500,156231000,27.1
chr1,156231000,156231500,31.2
chr1,156231500,156232000,28
chr1,156232000,156232500,28.4
chr1,156232500,156233000,27.5
chr1,156233000,156233500,28.7
chr1,156233500,156234000,31
chr1,156234000,156234500,31.7
chr1,156234500,156235000,27.3
chr1,156235000,156235500,30.6
chr1,156235500,156236000,28
chr1,156236000,156236500,32.8
chr1,156236500,156237000,29.7
chr1,156237000,156237500,32
chr1,156237500,156238000,27.6
chr1,156238000,156238500,32.7
chr1,156238500,156239000,32.7
chr1,156239000,156239500,31
chr1,156239500,156240000,30.8
chr1,156240000,156240500,29.7
chr1,156240500,156241000,29.3
chr1,156241000,156241500,28
chr1,156241500,156242000,29.1
chr1,156242000,156242500,27.7
chr1,156242500,156243000,32.9
chr1,156243000,156243500,27.5
chr1,156243500,156244000,27.4
chr1,156244000,156244500,30.7
chr1,156244500,156245000,31.4
chr1,156245000,156245500,32.3
chr1,156245500,156246000,31.9
chr1,156246000,156246500,31.6
chr1,156246500,156247000,27.7
chr1,156247000,156247500,29.5
chr1,156247500,156248000,29.1
chr1,156248000,156248500,32.3
chr1,156248500,156249000,31.2
chr1,156249000,156249500,31.1
chr1,156249500,156250000,30.6
chr1,156250000,156250500,32.7
chr1,156250500,156251000,31.4
chr1,156251000,156251500,29.2
chr1,156251500,156252000,32.8
chr1,156252000,156252500,31.3
chr1,156252500,156253000,32.2
chr1,156253000,156253500,30.1
chr1,156253500,156254000,30
chr1,156254000,156254500,28.5
chr1,156254500,156255000,29.1
chr1,156255000,156255500,30.7
chr1,156255500,156256000,27.3
chr1,156256000,156256500,32.6
chr1,156256500,156257000,30.5
chr1,156257000,156257500,30.4
chr1,156257500,156258000,30.2
chr1,156258000,156258500,27.5
chr1,156258500,156259000,31.8
chr1,156259000,156259500,29.6
chr1,156259500,156260000,31.8
chr1,156260000,156260500,28.6
chr1,156260500,156261000,27.6
chr1,156261000,156261500,32.8
chr1,156261500,156262000,30.5
chr1,156262000,156262500,29.2
chr1,156262500,156263000,31.7
chr1,156263000,156263500,32.9
chr1,156263500,156264000,27
chr1,156264000,156264500,28.8
chr1,156264500,156265000,28.4
chr1,156265000,156265500,32.2
chr1,156265500,156266000,27.3
chr1,156266000,156266500,32.7
chr1,156266500,156267000,27.8
chr1,156267000,156267500,27.7
chr1,156267500,156268000,32.4
chr1,156268000,156268500,27.5
chr1,156268500,156269000,27.8
chr1,156269000,156269500,32.8
chr1,156269500,156270000,32.9
chr1,156270000,156270500,27
chr1,156270500,156271000,31.4
chr1,156271000,156271500,32
chr1,156271500,156272000,29
chr1,156272000,156272500,28.6
chr1,156272500,156273000,31.8
chr1,156273000,156273500,28.4
chr1,156273500,156274000,32.8
chr1,156274000,156274500,31.2
chr1,156274500,156275000,29
chr1,156275000,156275500,27.8
chr1,156275500,156276000,27.7
chr1,156276000,156276500,29.6
chr1,156276500,156277000,32.2
chr1,156277000,156277500,32.6
chr1,156277500,156278000,30
chr1,156278000,156278500,31.4
chr1,156278500,156279000,28
chr1,156279000,156279500,32.2
chr1,156279500,156280000,32.8
chr1,156280000,156280500,30.1
chr1,156280500,156281000,31.8
chr1,156281000,156281500,30.3
chr1,156281500,156282000,27.5
chr1,156282000,156282500,27.5
chr1,156282500,156283000,30.3
chr1,156283000,156283500,30
chr1,156283500,156284000,28.5
chr1,156284000,156284500,32
chr1,156284500,156285000,31.6
chr1,156285000,156285500,31.2
chr1,156285500,156286000,31.8
chr1,156286000,156286500,31.5
chr1,156286500,156287000,29.1
chr1,156287000,156287500,30.3
chr1,156287500,156288000,32.4
chr1,156288000,156288500,28.3
chr1,156288500,156289000,31.2
chr1,156289000,156289500,29.3
chr1,156289500,156290000,32.8
chr1,156290000,156290500,28.2
chr1,156290500,156291000,32.1
chr1,156291000,156291500,29.1
chr1,156291500,156292000,28.7
chr1,156292000,156292500,28
chr1,156292500,156293000,32.9
chr1,156293000,156293500,30
chr1,156293500,156294000,29.3
chr1,156294000,156294500,27.8
chr1,156294500,156295000,29.2
chr1,156295000,156295500,30.1
chr1,156295500,156296000,33
chr1,156296000,156296500,27.7
chr1,156296500,156297000,30
chr1,156297000,156297500,30.8
chr1,156297500,156298000,31.1
chr1,156298000,156298500,27.4
chr1,156298500,156299000,31.3
chr1,156299000,156299500,30.3
chr1,156299500,156300000,32.3
chr1,156300000,156300500,31.9
chr1,156300500,156301000,29.7
chr1,156301000,156301500,30
chr1,156301500,156302000,28.5
chr1,156302000,156302500,28.5
chr1,156302500,156303000,32.8
chr1,156303000,156303500,29.8
chr1,156303500,156304000,27.8
chr1,156304000,156304500,30.2
chr1,156304500,156305000,32.1
chr1,156305000,156305500,32.5
chr1,156305500,156306000,29
chr1,156306000,156306500,28.4
chr1,156306500,156307000,30
chr1,156307000,156307500,30
chr1,156307500,156308000,32.8
chr1,156308000,156308500,28.5
chr1,156308500,156309000,31.9
chr1,156309000,156309500,27.4
chr1,156309500,156310000,29.4
chr1,156310000,156310500,30.5
chr1,156310500,156311000,31.8
chr1,156311000,156311500,29.9
chr1,156311500,156312000,32.7
chr1,156312000,156312500,32.9
chr1,156312500,156313000,30
chr1,156313000,156313500,32.9
chr1,156313500,156314000,28.8
chr1,156314000,156314500,32.7
chr1,156314500,156315000,28.4
chr1,156315000,156315500,30.6
chr1,156315500,156316000,27
chr1,156316000,156316500,32.3
chr1,156316500,156317000,28.5
chr1,156317000,156317500,28.6
chr1,156317500,156318000,28.3
chr1,156318000,156318500,30.9
chr1,156318500,156319000,30.1
chr1,156319000,156319500,33
chr1,156319500,156320000,29.1
chr1,156320000,156320500,31.7
chr1,156320500,156321000,32
chr1,156321000,156321500,32.7
chr1,156321500,156322000,32.1
chr1,156322000,156322500,31.3
chr1,156322500,156323000,31.2
chr1,156323000,156323500,32.9
chr1,156323500,156324000,30.1
chr1,156324000,156324500,31.7
chr1,156324500,156325000,28.9
chr1,156325000,156325500,30
chr1,156325500,156326000,32.3
chr1,156326000,156326500,32.1
chr1,156326500,156327000,29
chr1,156327000,156327500,30.7
chr1,156327500,156328000,29.8
chr1,156328000,156328500,27.2
chr1,156328500,156329000,32.2
chr1,156329000,156329500,32.3
chr1,156329500,156330000,29.5
chr1,156330000,156330500,30.5
chr1,156330500,156331000,31.2
chr1,156331000,156331500,32.6
chr1,156331500,156332000,28.6
chr1,156332000,156332500,32.9
chr1,156332500,156333000,29.3
chr1,156333000,156333500,31.8
chr1,156333500,156334000,27.7
chr1,156334000,156334500,27.6
chr1,156334500,156335000,31.4
chr1,156335000,156335500,31.6
chr1,156335500,156336000,27.7
chr1,156336000,156336500,29.3
chr1,156336500,156337000,30.6
chr1,156337000,156337500,29.7
chr1,156337500,156338000,27.8
chr1,156338000,156338500,32.4
chr1,156338500,156339000,27.9
chr1,156339000,156339500,32.4
chr1,156339500,156340000,28
chr1,156340000,156340500,30.3
chr1,156340500,156341000,28.7
chr1,156341000,156341500,32.8
chr1,156341500,156342000,30.3
chr1,156342000,156342500,29.4
chr1,156342500,156343000,31.7
chr1,156343000,156343500,31.8
chr1,156343500,156344000,30.5
chr1,156344000,156344500,32.1
chr1,156344500,156345000,27.3
chr1,156345000,156345500,29
chr1,156345500,156346000,28.9
chr1,156346000,156346500,27.8
chr1,156346500,156347000,27.5
chr1,156347000,156347500,30.9
chr1,156347500,156348000,28.5
chr1,156348000,156348500,29.2
chr1,156348500,156349000,28.3
chr1,156349000,156349500,28.9
chr1,156349500,156350000,28.6
chr1,156350000,156350500,27.5
chr1,156350500,156351000,31
chr1,156351000,156351500,32.7
chr1,156351500,156352000,28.1
chr1,156352000,156352500,30.8
chr1,156352500,156353000,27.6
chr1,156353000,156353500,31.3
chr1,156353500,156354000,30.8
chr1,156354000,156354500,32.2
chr1,156354500,156355000,32.4
chr1,156355000,156355500,27.6
chr1,156355500,156356000,32.1
chr1,156356000,156356500,31.9
chr1,156356500,156357000,32.4
chr1,156357000,156357500,30.9
chr1,156357500,156358000,29.6
chr1,156358000,156358500,30.4
chr1,156358500,156359000,30.3
chr1,156359000,156359500,29.7
chr1,156359500,156360000,28
chr1,156360000,156360500,32.5
chr1,156360500,156361000,30.9
chr1,156361000,156361500,27.2
chr1,156361500,156362000,31.9
chr1,156362000,156362500,29.9
chr1,156362500,156363000,29.2
chr1,156363000,156363500,30
chr1,156363500,156364000,29.2
chr1,156364000,156364500,32
chr1,156364500,156365000,29.7
chr1,156365000,156365500,31
chr1,156365500,156366000,27.5
chr1,156366000,156366500,31.8
chr1,156366500,156367000,32.1
chr1,156367000,156367500,30.9
chr1,156367500,156368000,30.7
chr1,156368000,156368500,30
chr1,156368500,156369000,28.6
chr1,156369000,156369500,32.4
chr1,156369500,156370000,32.4
chr1,156370000,156370500,27.4
chr1,156370500,156371000,29.3
chr1,156371000,156371500,29
chr1,156371500,156372000,29.2
chr1,156372000,156372500,27.6
chr1,156372500,156373000,30.7
chr1,156373000,156373500,29.3
chr1,156373500,156374000,27.6
chr1,156374000,156374500,31.8
chr1,156374500,156375000,30.9
chr1,156375000,156375500,29.7
chr1,156375500,156376000,32.9
chr1,156376000,156376500,32.2
chr1,156376500,156377000,28.7
chr1,156377000,156377500,29.2
chr1,156377500,156378000,29.6
chr1,156378000,156378500,32.8
chr1,156378500,156379000,30.2
chr1,156379000,156379500,28.5
chr1,156379500,156380000,29.6
chr1,156380000,156380500,30.3
chr1,156380500,156381000,31.6
chr1,156381000,156381500,32.9
chr1,156381500,156382000,31.5
chr1,156382000,156382500,27.2
chr1,156382500,156383000,32.4
chr1,156383000,156383500,31.9
chr1,156383500,156384000,29.9
chr1,156384000,156384500,29.2
chr1,156384500,156385000,28.1
chr1,156385000,156385500,28.4
chr1,156385500,156386000,31.7
chr1,156386000,156386500,32.2
chr1,156386500,156387000,32.6
chr1,156387000,156387500,32.1
chr1,156387500,156388000,30
chr1,156388000,156388500,27.5
chr1,156388500,156389000,31.2
chr1,156389000,156389500,32.7
chr1,156389500,156390000,32.8
chr1,156390000,156390500,32.2
chr1,156390500,156391000,27.9
chr1,156391000,156391500,30.5
chr1,156391500,156392000,27.6
chr1,156392000,156392500,29.9
chr1,156392500,156393000,29
chr1,156393000,156393500,30.6
chr1,156393500,156394000,32.3
chr1,156394000,156394500,28.6
chr1,156394500,156395000,31.4
chr1,156395000,156395500,32.7
chr1,156395500,156396000,32.5
chr1,156396000,156396500,27.8
chr1,156396500,156397000,30.8
chr1,156397000,156397500,28.4
chr1,156397500,156398000,30.3
chr1,156398000,156398500,27.4
chr1,156398500,156399000,27.8
chr1,156399000,156399500,31.1
chr1,156399500,156400000,31.1
chr1,156400000,156400500,29.2
chr1,156400500,156401000,28.6
chr1,156401000,156401500,29.6
chr1,156401500,156402000,30
chr1,156402000,156402500,29.8
chr1,156402500,156403000,31
chr1,156403000,156403500,28.7
chr1,156403500,156404000,28.7
chr1,156404000,156404500,32.3
chr1,156404500,156405000,32.8
chr1,156405000,156405500,31
chr1,156405500,156406000,29.3
chr1,156406000,156406500,29.4
chr1,156406500,156407000,29.2
chr1,156407000,156407500,30.8
chr1,156407500,156408000,27.1
chr1,156408000,156408500,32.7
chr1,156408500,156409000,32.5
chr1,156409000,156409500,29.2
chr1,156409500,156410000,30.9
chr1,156410000,156410500,29.8
chr1,156410500,156411000,30.1
chr1,156411000,156411500,29.5
chr1,156411500,156412000,30.1
chr1,156412000,156412500,28.4
chr1,156412500,156413000,32.2
chr1,156413000,156413500,28.2
chr1,156413500,156414000,32
chr1,156414000,156414500,27.2
chr1,156414500,156415000,31.3
chr1,156415000,156415500,32.7
chr1,156415500,156416000,30.9
chr1,156416000,156416500,32.1
chr1,156416500,156417000,30.4
chr1,156417000,156417500,31.2
chr1,156417500,156418000,29.7
chr1,156418000,156418500,31.7
chr1,156418500,156419000,31.2
chr1,156419000,156419500,27.1
chr1,156419500,156420000,30
chr1,156420000,156420500,32.5
chr1,156420500,156421000,27.5
chr1,156421000,156421500,29.7
chr1,156421500,156422000,29.9
chr1,156422000,156422500,31.9
chr1,156422500,156423000,28.8
chr1,156423000,156423500,31.1
chr1,156423500,156424000,31.6
chr1,156424000,156424500,31.1
chr1,156424500,156425000,29.1
chr1,156425000,156425500,32.6
chr1,156425500,156426000,27.5
chr1,156426000,156426500,31.7
chr1,156426500,156427000,31.7
chr1,156427000,156427500,33
chr1,156427500,156428000,27.3
chr1,156428000,156428500,28.8
chr1,156428500,156429000,32.7
chr1,156429000,156429500,31.3
chr1,156429500,156430000,27.3
chr1,156430000,156430500,31
chr1,156430500,156431000,28
chr1,156431000,156431500,29.2
chr1,156431500,156432000,31.5
chr1,156432000,156432500,30.4
chr1,156432500,156433000,28.1
chr1,156433000,156433500,29.3
chr1,156433500,156434000,29.1
chr1,156434000,156434500,29.4
chr1,156434500,156435000,30.5
chr1,156435000,156435500,28
chr1,156435500,156436000,31.6
chr1,156436000,156436500,28.9
chr1,156436500,156437000,29.2
chr1,156437000,156437500,29.8
chr1,156437500,156438000,31.2
chr1,156438000,156438500,29.9
chr1,156438500,156439000,29.9
chr1,156439000,156439500,28.1
chr1,156439500,156440000,30.4
chr1,156440000,156440500,27.1
chr1,156440500,156441000,28.6
chr1,156441000,156441500,28.7
chr1,156441500,156442000,32.3
chr1,156442000,156442500,30.2
chr1,156442500,156443000,28.1
chr1,156443000,156443500,32.8
chr1,156443500,156444000,27.7
chr1,156444000,156444500,32.5
chr1,156444500,156445000,29.1
chr1,156445000,156445500,27.2
chr1,156445500,156446000,31.5
chr1,156446000,156446500,30.7
chr1,156446500,156447000,28.6
chr1,156447000,156447500,27.8
chr1,156447500,156448000,32.5
chr1,156448000,156448500,32
chr1,156448500,156449000,28.6
chr1,156449000,156449500,27.7
chr1,156449500,156450000,32.6
chr1,156450000,156450500,32.3
chr1,156450500,156451000,32.5
chr1,156451000,156451500,32.8
chr1,156451500,156452000,27
chr1,156452000,156452500,28.4
chr1,156452500,156453000,31
chr1,156453000,156453500,30.6
chr1,156453500,156454000,32.3
chr1,156454000,156454500,27.2
chr1,156454500,156455000,30.8
chr1,156455000,156455500,32.7
chr1,156455500,156456000,31.8
chr1,156456000,156456500,32.7
chr1,156456500,156457000,32.2
chr1,156457000,156457500,27.2
chr1,156457500,156458000,28.5
chr1,156458000,156458500,30.2
chr1,156458500,156459000,27.8
chr1,156459000,156459500,31
chr1,156459500,156460000,27.8
chr1,156460000,156460500,29.6
chr1,156460500,156461000,32.7
chr1,156461000,156461500,31.7
chr1,156461500,156462000,31.5
chr1,156462000,156462500,32.7
chr1,156462500,156463000,32.6
chr1,156463000,156463500,30.9
chr1,156463500,156464000,29.2
chr1,156464000,156464500,32.2
chr1,156464500,156465000,30.1
chr1,156465000,156465500,30.2
chr1,156465500,156466000,28.5
chr1,156466000,156466500,27
chr1,156466500,156467000,29.6
chr1,156467000,156467500,32.8
chr1,156467500,156468000,27.1
chr1,156468000,156468500,27.7
chr1,156468500,156469000,32.2
chr1,156469000,156469500,31
chr1,156469500,156470000,31.8
chr1,156470000,156470500,32.8
chr1,156470500,156471000,27.9
chr1,156471000,156471500,32.7
chr1,156471500,156472000,27.6
chr1,156472000,156472500,30.3
chr1,156472500,156473000,32.4
chr1,156473000,156473500,28.6
chr1,156473500,156474000,28.2
chr1,156474000,156474500,30.1
chr1,156474500,156475000,28
chr1,156475000,156475500,28.2
chr1,156475500,156476000,32.9
chr1,156476000,156476500,32.1
chr1,156476500,156477000,31.6
chr1,156477000,156477500,30.8
chr1,156477500,156478000,31.9
chr1,156478000,156478500,28.7
chr1,156478500,156479000,32.8
chr1,156479000,156479500,30.2
chr1,156479500,156480000,30.5
chr1,156480000,156480500,28.5
chr1,156480500,156481000,32.8
chr1,156481000,156481500,30.4
chr1,156481500,156482000,32.8
chr1,156482000,156482500,28.4
chr1,156482500,156483000,31.5
chr1,156483000,156483500,31.1
chr1,156483500,156484000,30.1
chr1,156484000,156484500,27.5
chr1,156484500,156485000,29.7
chr1,156485000,156485500,30.1
chr1,156485500,156486000,31
chr1,156486000,156486500,28.5
chr1,156486500,156487000,32.3
chr1,156487000,156487500,33
chr1,156487500,156488000,27.9
chr1,156488000,156488500,32.2
chr1,156488500,156489000,32
chr1,156489000,156489500,29
chr1,156489500,156490000,29.3
chr1,156490000,156490500,32.1
chr1,156490500,156491000,30.8
chr1,156491000,156491500,31.9
chr1,156491500,156492000,30
chr1,156492000,156492500,30.9
chr1,156492500,156493000,27.3
chr1,156493000,156493500,31.7
chr1,156493500,156494000,27.8
chr1,156494000,156494500,29.6
chr1,156494500,156495000,27.7
chr1,156495000,156495500,31
chr1,156495500,156496000,32.8
chr1,156496000,156496500,30.3
chr1,156496500,156497000,30.8
chr1,156497000,156497500,28.2
chr1,156497500,156498000,30.8
chr1,156498000,156498500,30.7
chr1,156498500,156499000,31
chr1,156499000,156499500,31.1
chr1,156499500,156500000,32.6
chr1,156500000,156500500,30.6
chr1,156500500,156501000,29.9
chr1,156501000,156501500,30.8
chr1,156501500,156502000,31.1
chr1,156502000,156502500,30.4
chr1,156502500,156503000,28.5
chr1,156503000,156503500,27.9
chr1,156503500,156504000,31.5
chr1,156504000,156504500,29.4
chr1,156504500,156505000,32.4
chr1,156505000,156505500,29
chr1,156505500,156506000,30.2
chr1,156506000,156506500,30.7
chr1,156506500,156507000,30.6
chr1,156507000,156507500,29.5
chr1,156507500,156508000,29.9
chr1,156508000,156508500,28.2
chr1,156508500,156509000,29.7
chr1,156509000,156509500,28
chr1,156509500,156510000,30.5
chr1,156510000,156510500,31.8
chr1,156510500,156511000,31.7
chr1,156511000,156511500,30.6
chr1,156511500,156512000,30.8
chr1,156512000,156512500,27.1
chr1,156512500,156513000,27.6
chr1,156513000,156513500,32.9
chr1,156513500,156514000,28
chr1,156514000,156514500,29.5
chr1,156514500,156515000,29.9
chr1,156515000,156515500,28.7
chr1,156515500,156516000,27.4
chr1,156516000,156516500,27.1
chr1,156516500,156517000,29.5
chr1,156517000,156517500,28.6
chr1,156517500,156518000,29.3
chr1,156518000,156518500,32.7
chr1,156518500,156519000,27
chr1,156519000,156519500,30.5
chr1,156519500,156520000,29.5
chr1,156520000,156520500,32.7
chr1,156520500,156521000,28.8
chr1,156521000,156521500,32.5
chr1,156521500,156522000,27
chr1,156522000,156522500,29.6
chr1,156522500,156523000,28.5
chr1,156523000,156523500,29.7
chr1,156523500,156524000,30.7
chr1,156524000,156524500,27.4
chr1,156524500,156525000,27.3
chr1,156525000,156525500,31.4
chr1,156525500,156526000,27
chr1,156526000,156526500,30.8
chr1,156526500,156527000,31.3
chr1,156527000,156527500,29.4
chr1,156527500,156528000,30.4
chr1,156528000,156528500,28
chr1,156528500,156529000,30
chr1,156529000,156529500,29
chr1,156529500,156530000,29.8
chr1,156530000,156530500,27.6
chr1,156530500,156531000,31.5
chr1,156531000,156531500,27.4
chr1,156531500,156532000,31.3
chr1,156532000,156532500,28.6
chr1,156532500,156533000,29.5
chr1,156533000,156533500,30.5
chr1,156533500,156534000,27
chr1,156534000,156534500,30.1
chr1,156534500,156535000,30.2
chr1,156535000,156535500,29.9
chr1,156535500,156536000,32.2
chr1,156536000,156536500,27.2
chr1,156536500,156537000,30.1
chr1,156537000,156537500,29.3
chr1,156537500,156538000,27.6
chr1,156538000,156538500,32.8
chr1,156538500,156539000,28.5
chr1,156539000,156539500,30.4
chr1,156539500,156540000,32.9
chr1,156540000,156540500,28
chr1,156540500,156541000,29.3
chr1,156541000,156541500,27.5
chr1,156541500,156542000,29.5
chr1,156542000,156542500,31.1
chr1,156542500,156543000,31.9
chr1,156543000,156543500,27.6
chr1,156543500,156544000,30.4
chr1,156544000,156544500,31.9
chr1,156544500,156545000,32.3
chr1,156545000,156545500,30.9
chr1,156545500,156546000,29.9
chr1,156546000,156546500,30.8
chr1,156546500,156547000,32.9
chr1,156547000,156547500,28.5
chr1,156547500,156548000,29.4
chr1,156548000,156548500,32.7
chr1,156548500,156549000,31.4
chr1,156549000,156549500,32.2
chr1,156549500,156550000,32.5
chr1,156550000,156550500,29.2
chr1,156550500,156551000,29.3
chr1,156551000,156551500,30
chr1,156551500,156552000,29.8
chr1,156552000,156552500,28.8
chr1,156552500,156553000,32.1
chr1,156553000,156553500,29.3
chr1,156553500,156554000,29.9
chr1,156554000,156554500,28.1
chr1,156554500,156555000,33
chr1,156555000,156555500,30.1
chr1,156555500,156556000,31.1
chr1,156556000,156556500,30.1
chr1,156556500,156557000,31.5
chr1,156557000,156557500,27.6
chr1,156557500,156558000,31.1
chr1,156558000,156558500,28.1
chr1,156558500,156559000,30.9
chr1,156559000,156559500,31.1
chr1,156559500,156560000,30.1
chr1,156560000,156560500,31.7
chr1,156560500,156561000,30.7
chr1,156561000,156561500,29
chr1,156561500,156562000,27.5
chr1,156562000,156562500,29.5
chr1,156562500,156563000,31.7
chr1,156563000,156563500,30.5
chr1,156563500,156564000,27.5
chr1,156564000,156564500,27.9
chr1,156564500,156565000,32.3
chr1,156565000,156565500,32.1
chr1,156565500,156566000,29.1
chr1,156566000,156566500,28
chr1,156566500,156567000,31.5
chr1,156567000,156567500,30.1
chr1,156567500,156568000,27.3
chr1,156568000,156568500,28.3
chr1,156568500,156569000,27.9
chr1,156569000,156569500,31
chr1,156569500,156570000,27.3
chr1,156570000,156570500,32.8
chr1,156570500,156571000,29.8
chr1,156571000,156571500,32.6
chr1,156571500,156572000,29.2
chr1,156572000,156572500,28.1
chr1,156572500,156573000,27.8
chr1,156573000,156573500,31.1
chr1,156573500,156574000,28.6
chr1,156574000,156574500,29.3
chr1,156574500,156575000,31.8
chr1,156575000,156575500,30.1
chr1,156575500,156576000,30.2
chr1,156576000,156576500,28.8
chr1,156576500,156577000,28.1
chr1,156577000,156577500,29.1
chr1,156577500,156578000,31.6
chr1,156578000,156578500,30.6
chr1,156578500,156579000,27.1
chr1,156579000,156579500,31.9
chr1,156579500,156580000,27.5
chr1,156580000,156580500,28.6
chr1,156580500,156581000,31.8
chr1,156581000,156581500,30.1
chr1,156581500,156582000,32.5
chr1,156582000,156582500,30.3
chr1,156582500,156583000,32.7
chr1,156583000,156583500,30.3
chr1,156583500,156584000,27.1
chr1,156584000,156584500,29.9
chr1,156584500,156585000,29.5
chr1,156585000,156585500,30.9
chr1,156585500,156586000,29.2
chr1,156586000,156586500,29.7
chr1,156586500,156587000,31.4
chr1,156587000,156587500,30.6
chr1,156587500,156588000,32.8
chr1,156588000,156588500,31.5
chr1,156588500,156589000,29.4
chr1,156589000,156589500,32.9
chr1,156589500,156590000,29.1
chr1,156590000,156590500,31.9
chr1,156590500,156591000,30.1
chr1,156591000,156591500,29.7
chr1,156591500,156592000,31.4
chr1,156592000,156592500,29
chr1,156592500,156593000,31.6
chr1,156593000,156593500,32.7
chr1,156593500,156594000,29.9
chr1,156594000,156594500,31.8
chr1,156594500,156595000,29
chr1,156595000,156595500,31.5
chr1,156595500,156596000,32.6
chr1,156596000,156596500,30.1
chr1,156596500,156597000,27.1
chr1,156597000,156597500,29.7
chr1,156597500,156598000,28.9
chr1,156598000,156598500,28.8
chr1,156598500,156599000,28.2
chr1,156599000,156599500,28.3
chr1,156599500,156600000,28.1
chr1,156600000,156600500,29.8
chr1,156600500,156601000,28.6
chr1,156601000,156601500,28.8
chr1,156601500,156602000,31.1
chr1,156602000,156602500,32.6
chr1,156602500,156603000,32.5
chr1,156603000,156603500,30.7
chr1,156603500,156604000,30.5
chr1,156604000,156604500,29.8
chr1,156604500,156605000,27.6
chr1,156605000,156605500,27.6
chr1,156605500,156606000,31.1
chr1,156606000,156606500,30.3
chr1,156606500,156607000,31.3
chr1,156607000,156607500,29.4
chr1,156607500,156608000,31
chr1,156608000,156608500,31.2
chr1,156608500,156609000,27.7
chr1,156609000,156609500,27.2
chr1,156609500,156610000,32.5
chr1,156610000,156610500,32.1
chr1,156610500,156611000,31.7
chr1,156611000,156611500,28.4
chr1,156611500,156612000,27.8
chr1,156612000,156612500,32.7
chr1,156612500,156613000,32.1
chr1,156613000,156613500,30.9
chr1,156613500,156614000,30
chr1,156614000,156614500,28.5
chr1,156614500,156615000,31.5
chr1,156615000,156615500,32.5
chr1,156615500,156616000,28.3
chr1,156616000,156616500,28.5
chr1,156616500,156617000,31.6
chr1,156617000,156617500,27.2
chr1,156617500,156618000,32
chr1,156618000,156618500,27.6
chr1,156618500,156619000,32.7
chr1,156619000,156619500,27.3
chr1,156619500,156620000,31.6
chr1,156620000,156620500,29.7
chr1,156620500,156621000,32.6
chr1,156621000,156621500,27
chr1,156621500,156622000,31
chr1,156622000,156622500,27.2
chr1,156622500,156623000,32.1
chr1,156623000,156623500,27.3
chr1,156623500,156624000,27.7
chr1,156624000,156624500,30.2
chr1,156624500,156625000,29.3
chr1,156625000,156625500,32.4
chr1,156625500,156626000,29.8
chr1,156626000,156626500,28.8
chr1,156626500,156627000,32.5
chr1,156627000,156627500,27.3
chr1,156627500,156628000,28.7
chr1,156628000,156628500,28.1
chr1,156628500,156629000,32.3
chr1,156629000,156629500,27.7
chr1,156629500,156630000,29
chr1,156630000,156630500,29.8
chr1,156630500,156631000,30.8
chr1,156631000,156631500,28
chr1,156631500,156632000,27.4
chr1,156632000,156632500,32.4
chr1,156632500,156633000,27.3
chr1,156633000,156633500,32.2
chr1,156633500,156634000,29
chr1,156634000,156634500,27.4
chr1,156634500,156635000,27.1
chr1,156635000,156635500,31.7
chr1,156635500,156636000,28
chr1,156636000,156636500,27.6
chr1,156636500,156637000,28
chr1,156637000,156637500,32.2
chr1,156637500,156638000,33
chr1,156638000,156638500,28.2
chr1,156638500,156639000,28.4
chr1,156639000,156639500,31.4
chr1,156639500,156640000,28.7
chr1,156640000,156640500,29.4
chr1,156640500,156641000,28.3
chr1,156641000,156641500,28.6
chr1,156641500,156642000,32
chr1,156642000,156642500,31.8
chr1,156642500,156643000,29.2
chr1,156643000,156643500,28
chr1,156643500,156644000,27.9
chr1,156644000,156644500,28.7
chr1,156644500,156645000,32.9
chr1,156645000,156645500,30.5
chr1,156645500,156646000,28
chr1,156646000,156646500,31.1
chr1,156646500,156647000,30.2
chr1,156647000,156647500,32.9
chr1,156647500,156648000,28.2
chr1,156648000,156648500,30.1
chr1,156648500,156649000,32.4
chr1,156649000,156649500,30.8
chr1,156649500,156650000,31.7
chr1,156650000,156650500,28.1
chr1,156650500,156651000,32.7
chr1,156651000,156651500,31.7
chr1,156651500,156652000,30.1
chr1,156652000,156652500,27.5
chr1,156652500,156653000,29.1
chr1,156653000,156653500,27.5
chr1,156653500,156654000,27.8
chr1,156654000,156654500,30.4
chr1,156654500,156655000,27.8
chr1,156655000,156655500,28.8
chr1,156655500,156656000,28.9
chr1,156656000,156656500,30
chr1,156656500,156657000,31.8
chr1,156657000,156657500,32.5
chr1,156657500,156658000,28.3
chr1,156658000,156658500,32
chr1,156658500,156659000,30.9
chr1,156659000,156659500,32.4
chr1,156659500,156660000,31.4
chr1,156660000,156660500,28.5
chr1,156660500,156661000,31.3
chr1,156661000,156661500,31.3
chr1,156661500,156662000,28.3
chr1,156662000,156662500,32.1
chr1,156662500,156663000,32.4
chr1,156663000,156663500,28.7
chr1,156663500,156664000,32.7
chr1,156664000,156664500,30.3
chr1,156664500,156665000,27.2
chr1,156665000,156665500,28
chr1,156665500,156666000,30.3
chr1,156666000,156666500,30.5
chr1,156666500,156667000,32.2
chr1,156667000,156667500,32.8
chr1,156667500,156668000,29
chr1,156668000,156668500,27.8
chr1,156668500,156669000,32.3
chr1,156669000,156669500,28.1
chr1,156669500,156670000,30
chr1,156670000,156670500,32.3
chr1,156670500,156671000,30.2
chr1,156671000,156671500,28.1
chr1,156671500,156672000,31.9
chr1,156672000,156672500,28
chr1,156672500,156673000,32.7
chr1,156673000,156673500,29.2
chr1,156673500,156674000,32.4
chr1,156674000,156674500,28.9
chr1,156674500,156675000,27.9
chr1,156675000,156675500,31.3
chr1,156675500,156676000,29.1
chr1,156676000,156676500,27.4
chr1,156676500,156677000,30.7
chr1,156677000,156677500,30.6
chr1,156677500,156678000,31.8
chr1,156678000,156678500,27.9
chr1,156678500,156679000,28.5
chr1,156679000,156679500,28.6
chr1,156679500,156680000,30.6
chr1,156680000,156680500,32.1
chr1,156680500,156681000,29
chr1,156681000,156681500,28.4
chr1,156681500,156682000,31.7
chr1,156682000,156682500,27.8
chr1,156682500,156683000,30.6
chr1,156683000,156683500,27.7
chr1,156683500,156684000,32.7
chr1,156684000,156684500,29.8
chr1,156684500,156685000,29.2
chr1,156685000,156685500,30.4
chr1,156685500,156686000,28
chr1,156686000,156686500,29.9
chr1,156686500,156687000,31.9
chr1,156687000,156687500,28.1
chr1,156687500,156688000,28
chr1,156688000,156688500,32.7
chr1,156688500,156689000,30.3
chr1,156689000,156689500,27.6
chr1,156689500,156690000,28.7
chr1,156690000,156690500,28.3
chr1,156690500,156691000,29.2
chr1,156691000,156691500,27.9
chr1,156691500,156692000,29.3
chr1,156692000,156692500,27.3
chr1,156692500,156693000,32.6
chr1,156693000,156693500,30.6
chr1,156693500,156694000,27
chr1,156694000,156694500,28.3
chr1,156694500,156695000,28
chr1,156695000,156695500,28.9
chr1,156695500,156696000,29.9
chr1,156696000,156696500,30.6
chr1,156696500,156697000,32.3
chr1,156697000,156697500,29.1
chr1,156697500,156698000,29.9
chr1,156698000,156698500,29.8
chr1,156698500,156699000,27.3
chr1,156699000,156699500,29
chr1,156699500,156700000,32
chr1,156700000,156700500,29.4
chr1,156700500,156701000,27.2
chr1,156701000,156701500,31.1
chr1,156701500,156702000,32.8
chr1,156702000,156702500,29.5
chr1,156702500,156703000,28.6
chr1,156703000,156703500,28
chr1,156703500,156704000,29.4
chr1,156704000,156704500,30.2
chr1,156704500,156705000,31.3
chr1,156705000,156705500,28.2
chr1,156705500,156706000,32.8
chr1,156706000,156706500,31
chr1,156706500,156707000,30.9
chr1,156707000,156707500,29.4
chr1,156707500,156708000,31.5
chr1,156708000,156708500,29.3
chr1,156708500,156709000,32.2
chr1,156709000,156709500,31.4
chr1,156709500,156710000,32.3
chr1,156710000,156710500,31.7
chr1,156710500,156711000,32.1
chr1,156711000,156711500,30.9
chr1,156711500,156712000,28.6
chr1,156712000,156712500,29.5
chr1,156712500,156713000,29.6
chr1,156713000,156713500,29.7
chr1,156713500,156714000,28.5
chr1,156714000,156714500,27.2
chr1,156714500,156715000,30.7
chr1,156715000,156715500,28.9
chr1,156715500,156716000,28.5
chr1,156716000,156716500,31.5
chr1,156716500,156717000,31.9
chr1,156717000,156717500,32.7
chr1,156717500,156718000,29.3
chr1,156718000,156718500,27.6
chr1,156718500,156719000,27.8
chr1,156719000,156719500,29.2
chr1,156719500,156720000,30.4
chr1,156720000,156720500,30.6
chr1,156720500,156721000,30.5
chr1,156721000,156721500,30.7
chr1,156721500,156722000,28
chr1,156722000,156722500,32.6
chr1,156722500,156723000,32.4
chr1,156723000,156723500,31.2
chr1,156723500,156724000,28.2
chr1,156724000,156724500,27.4
chr1,156724500,156725000,32.3
chr1,156725000,156725500,33
chr1,156725500,156726000,28.1
chr1,156726000,156726500,27.4
chr1,156726500,156727000,29.1
chr1,156727000,156727500,30.7
chr1,156727500,156728000,29.7
chr1,156728000,156728500,28.6
chr1,156728500,156729000,30.1
chr1,156729000,156729500,29.5
chr1,156729500,156730000,31.9
chr1,156730000,156730500,28.5
chr1,156730500,156731000,32.3
chr1,156731000,156731500,32.2
chr1,156731500,156732000,31.9
chr1,156732000,156732500,31.3
chr1,156732500,156733000,27.5
chr1,156733000,156733500,29.2
chr1,156733500,156734000,27.2
chr1,156734000,156734500,30.9
chr1,156734500,156735000,32.6
chr1,156735000,156735500,28.2
chr1,156735500,156736000,28.4
chr1,156736000,156736500,31.7
chr1,156736500,156737000,29.7
chr1,156737000,156737500,28.9
chr1,156737500,156738000,32.4
chr1,156738000,156738500,27.7
chr1,156738500,156739000,32.7
chr1,156739000,156739500,30.1
chr1,156739500,156740000,29.1
chr1,156740000,156740500,29
chr1,156740500,156741000,32.1
chr1,156741000,156741500,28.2
chr1,156741500,156742000,29.5
chr1,156742000,156742500,29
chr1,156742500,156743000,27.3
chr1,156743000,156743500,29.6
chr1,156743500,156744000,29.4
chr1,156744000,156744500,27.4
chr1,156744500,156745000,30.5
chr1,156745000,156745500,32.5
chr1,156745500,156746000,32.5
chr1,156746000,156746500,30.2
chr1,156746500,156747000,33
chr1,156747000,156747500,31.1
chr1,156747500,156748000,29.8
chr1,156748000,156748500,32.8
chr1,156748500,156749000,32
chr1,156749000,156749500,30
chr1,156749500,156750000,28.8
chr1,156750000,156750500,27
chr1,156750500,156751000,31
chr1,156751000,156751500,31.1
chr1,156751500,156752000,32.2
chr1,156752000,156752500,27.3
chr1,156752500,156753000,29
chr1,156753000,156753500,30.2
chr1,156753500,156754000,31
chr1,156754000,156754500,31.7
chr1,156754500,156755000,29.8
chr1,156755000,156755500,30.3
chr1,156755500,156756000,30.5
chr1,156756000,156756500,27.9
chr1,156756500,156757000,27.7
chr1,156757000,156757500,28.7
chr1,156757500,156758000,32.5
chr1,156758000,156758500,30.7
chr1,156758500,156759000,31
chr1,156759000,156759500,27.5
chr1,156759500,156760000,30.1
chr1,156760000,156760500,28.9
chr1,156760500,156761000,27.5
chr1,156761000,156761500,32
chr1,156761500,156762000,28.8
chr1,156762000,156762500,29.1
chr1,156762500,156763000,32.1
chr1,156763000,156763500,29
chr1,156763500,156764000,32.2
chr1,156764000,156764500,31.4
chr1,156764500,156765000,30.7
chr1,156765000,156765500,32.8
chr1,156765500,156766000,28.8
chr1,156766000,156766500,32.6
chr1,156766500,156767000,32.2
chr1,156767000,156767500,28.6
chr1,156767500,156768000,27.9
chr1,156768000,156768500,31.5
chr1,156768500,156769000,28.4
chr1,156769000,156769500,28
chr1,156769500,156770000,31.3
chr1,156770000,156770500,31.1
chr1,156770500,156771000,27.3
chr1,156771000,156771500,29.9
chr1,156771500,156772000,28.7
chr1,156772000,156772500,31.5
chr1,156772500,156773000,29.1
chr1,156773000,156773500,31
chr1,156773500,156774000,28.8
chr1,156774000,156774500,30.4
chr1,156774500,156775000,27.2
chr1,156775000,156775500,31.8
chr1,156775500,156776000,31.2
chr1,156776000,156776500,28.6
chr1,156776500,156777000,32.5
chr1,156777000,156777500,27.7
chr1,156777500,156778000,27.3
chr1,156778000,156778500,27.5
chr1,156778500,156779000,29.8
chr1,156779000,156779500,32.4
chr1,156779500,156780000,32.8
chr1,156780000,156780500,28.8
chr1,156780500,156781000,32
chr1,156781000,156781500,30.8
chr1,156781500,156782000,31.3
chr1,156782000,156782500,27.6
chr1,156782500,156783000,29.6
chr1,156783000,156783500,27.8
chr1,156783500,156784000,27.8
chr1,156784000,156784500,29.9
chr1,156784500,156785000,32.7
chr1,156785000,156785500,29.7
chr1,156785500,156786000,30.5
chr1,156786000,156786500,32.4
chr1,156786500,156787000,27.8
chr1,156787000,156787500,29.4
chr1,156787500,156788000,28.7
chr1,156788000,156788500,28.2
chr1,156788500,156789000,31.7
chr1,156789000,156789500,28.3
chr1,156789500,156790000,28.6
chr1,156790000,156790500,29.5
chr1,156790500,156791000,28.2
chr1,156791000,156791500,30.4
chr1,156791500,156792000,32.8
chr1,156792000,156792500,32.7
chr1,156792500,156793000,30.9
chr1,156793000,156793500,30.2
chr1,156793500,156794000,31
chr1,156794000,156794500,31.5
chr1,156794500,156795000,31.8
chr1,156795000,156795500,32.1
chr1,156795500,156796000,28.5
chr1,156796000,156796500,30.7
chr1,156796500,156797000,27.9
chr1,156797000,156797500,28.1
chr1,156797500,156798000,29
chr1,156798000,156798500,31.6
chr1,156798500,156799000,29.8
chr1,156799000,156799500,32.6
chr1,156799500,156800000,27.7
chr1,156800000,156800500,29.6
chr1,156800500,156801000,28.2
chr1,156801000,156801500,31.3
chr1,156801500,156802000,31.3
chr1,156802000,156802500,30.5
chr1,156802500,156803000,28
chr1,156803000,156803500,30.4
chr1,156803500,156804000,32.9
chr1,156804000,156804500,32.6
chr1,156804500,156805000,31.1
chr1,156805000,156805500,30.4
chr1,156805500,156806000,27.6
chr1,156806000,156806500,31.2
chr1,156806500,156807000,32.9
chr1,156807000,156807500,27.6
chr1,156807500,156808000,32.8
chr1,156808000,156808500,30.5
chr1,156808500,156809000,30.5
chr1,156809000,156809500,30.3
chr1,156809500,156810000,27.3
chr1,156810000,156810500,27.9
chr1,156810500,156811000,29.2
chr1,156811000,156811500,33
chr1,156811500,156812000,31.9
chr1,156812000,156812500,28.9
chr1,156812500,156813000,27.4
chr1,156813000,156813500,31.8
chr1,156813500,156814000,33
chr1,156814000,156814500,29.9
chr1,156814500,156815000,30.4
chr1,156815000,156815500,28.7
chr1,156815500,156816000,32.1
chr1,156816000,156816500,29.7
chr1,156816500,156817000,27.6
chr1,156817000,156817500,27.8
chr1,156817500,156818000,31.4
chr1,156818000,156818500,27
chr1,156818500,156819000,28.6
chr1,156819000,156819500,27.8
chr1,156819500,156820000,28.4
chr1,156820000,156820500,28.2
chr1,156820500,156821000,31.4
chr1,156821000,156821500,27.1
chr1,156821500,156822000,28.8
chr1,156822000,156822500,32.2
chr1,156822500,156823000,30.1
chr1,156823000,156823500,28.7
chr1,156823500,156824000,29.6
chr1,156824000,156824500,33
chr1,156824500,156825000,27.3
chr1,156825000,156825500,32.9
chr1,156825500,156826000,30.5
chr1,156826000,156826500,32.2
chr1,156826500,156827000,31.9
chr1,156827000,156827500,32
chr1,156827500,156828000,30.8
chr1,156828000,156828500,32.8
chr1,156828500,156829000,30.2
chr1,156829000,156829500,31.3
chr1,156829500,156830000,32.8
chr1,156830000,156830500,31.9
chr1,156830500,156831000,31.9
chr1,156831000,156831500,28
chr1,156831500,156832000,30.6
chr1,156832000,156832500,30.6
chr1,156832500,156833000,29.7
chr1,156833000,156833500,28.6
chr1,156833500,156834000,27
chr1,156834000,156834500,30.1
chr1,156834500,156835000,28
chr1,156835000,156835500,30.3
chr1,156835500,156836000,30.8
chr1,156836000,156836500,29.3
chr1,156836500,156837000,29.3
chr1,156837000,156837500,28.7
chr1,156837500,156838000,32
chr1,156838000,156838500,27.5
chr1,156838500,156839000,30
chr1,156839000,156839500,28.8
chr1,156839500,156840000,31.6
chr1,156840000,156840500,30.2
chr1,156840500,156841000,33
chr1,156841000,156841500,32.2
chr1,156841500,156842000,32.6
chr1,156842000,156842500,30.7
chr1,156842500,156843000,28
chr1,156843000,156843500,29.4
chr1,156843500,156844000,28.3
chr1,156844000,156844500,27.3
chr1,156844500,156845000,30.5
chr1,156845000,156845500,28.5
chr1,156845500,156846000,32.5
chr1,156846000,156846500,28.3
chr1,156846500,156847000,32.9
chr1,156847000,156847500,32.3
chr1,156847500,156848000,31.4
chr1,156848000,156848500,31
chr1,156848500,156849000,30.8
chr1,156849000,156849500,27.5
chr1,156849500,156850000,28
chr1,156850000,156850500,27.4
chr1,156850500,156851000,31.2
chr1,156851000,156851500,27.8
chr1,156851500,156852000,27.3
chr1,156852000,156852500,31
chr1,156852500,156853000,28.5
chr1,156853000,156853500,31.1
chr1,156853500,156854000,29.2
chr1,156854000,156854500,28.5
chr1,156854500,156855000,28.7
chr1,156855000,156855500,32.5
chr1,156855500,156856000,30.6
chr1,156856000,156856500,32.8
chr1,156856500,156857000,30.9
chr1,156857000,156857500,30.1
chr1,156857500,156858000,32.7
chr1,156858000,156858500,32
chr1,156858500,156859000,29
chr1,156859000,156859500,30.1
chr1,156859500,156860000,31.4
chr1,156860000,156860500,28.9
chr1,156860500,156861000,27.9
chr1,156861000,156861500,27.7
chr1,156861500,156862000,32.6
chr1,156862000,156862500,29
chr1,156862500,156863000,31
chr1,156863000,156863500,29.9
chr1,156863500,156864000,27.6
chr1,156864000,156864500,29.4
chr1,156864500,156865000,30.3
chr1,156865000,156865500,32.8
chr1,156865500,156866000,28
chr1,156866000,156866500,32.4
chr1,156866500,156867000,27.7
chr1,156867000,156867500,28.5
chr1,156867500,156868000,32.2
chr1,156868000,156868500,32.4
chr1,156868500,156869000,29.6
chr1,156869000,156869500,31.2
chr1,156869500,156870000,29.6
chr1,156870000,156870500,32.3
chr1,156870500,156871000,27.4
chr1,156871000,156871500,32
chr1,156871500,156872000,31.4
chr1,156872000,156872500,28.7
chr1,156872500,156873000,28.9
chr1,156873000,156873500,31.1
chr1,156873500,156874000,27.3
chr1,156874000,156874500,27.3
chr1,156874500,156875000,27.3
chr1,156875000,156875500,30.3
chr1,156875500,156876000,29.5
chr1,156876000,156876500,31.8
chr1,156876500,156877000,30.8
chr1,156877000,156877500,32.2
chr1,156877500,156878000,28.9
chr1,156878000,156878500,27.7
chr1,156878500,156879000,32
chr1,156879000,156879500,27.7
chr1,156879500,156880000,32.4
chr1,156880000,156880500,29.4
chr1,156880500,156881000,28.3
chr1,156881000,156881500,30.2
chr1,156881500,156882000,31.8
chr1,156882000,156882500,30.7
chr1,156882500,156883000,27.2
chr1,156883000,156883500,32.5
chr1,156883500,156884000,33
chr1,156884000,156884500,31.9
chr1,156884500,156885000,31.3
chr1,156885000,156885500,29.9
chr1,156885500,156886000,31.1
chr1,156886000,156886500,28.9
chr1,156886500,156887000,30.3
chr1,156887000,156887500,29.4
chr1,156887500,156888000,28.2
chr1,156888000,156888500,31.2
chr1,156888500,156889000,30
chr1,156889000,156889500,28.5
chr1,156889500,156890000,32.6
chr1,156890000,156890500,31.9
chr1,156890500,156891000,27.5
chr1,156891000,156891500,31.6
chr1,156891500,156892000,28.1
chr1,156892000,156892500,27.5
chr1,156892500,156893000,28.9
chr1,156893000,156893500,30.8
chr1,156893500,156894000,31.8
chr1,156894000,156894500,27.4
chr1,156894500,156895000,28.8
chr1,156895000,156895500,32.6
chr1,156895500,156896000,31.9
chr1,156896000,156896500,33
chr1,156896500,156897000,28.2
chr1,156897000,156897500,28.5
chr1,156897500,156898000,30.2
chr1,156898000,156898500,30.1
chr1,156898500,156899000,27.3
chr1,156899000,156899500,30.1
chr1,156899500,156900000,29.8
chr1,156900000,156900500,32.9
chr1,156900500,156901000,30.2
chr1,156901000,156901500,29.6
chr1,156901500,156902000,28.2
chr1,156902000,156902500,32.4
chr1,156902500,156903000,31.7
chr1,156903000,156903500,30.4
chr1,156903500,156904000,27.2
chr1,156904000,156904500,28.8
chr1,156904500,156905000,28.6
chr1,156905000,156905500,32.8
chr1,156905500,156906000,28.7
chr1,156906000,156906500,31.1
chr1,156906500,156907000,29.2
chr1,156907000,156907500,30.5
chr1,156907500,156908000,32.2
chr1,156908000,156908500,31
chr1,156908500,156909000,28.7
chr1,156909000,156909500,29.2
chr1,156909500,156910000,31.5
chr1,156910000,156910500,32.3
chr1,156910500,156911000,30.5
chr1,156911000,156911500,30
chr1,156911500,156912000,31.4
chr1,156912000,156912500,31.2
chr1,156912500,156913000,30.2
chr1,156913000,156913500,31.4
chr1,156913500,156914000,30.6
chr1,156914000,156914500,32.4
chr1,156914500,156915000,30.9
chr1,156915000,156915500,29.8
chr1,156915500,156916000,31.3
chr1,156916000,156916500,28
chr1,156916500,156917000,28.4
chr1,156917000,156917500,28.1
chr1,156917500,156918000,30.9
chr1,156918000,156918500,27.2
chr1,156918500,156919000,28.9
chr1,156919000,156919500,30.7
chr1,156919500,156920000,29.6
chr1,156920000,156920500,30.2
chr1,156920500,156921000,29.6
chr1,156921000,156921500,28.3
chr1,156921500,156922000,32.1
chr1,156922000,156922500,27.8
chr1,156922500,156923000,32.2
chr1,156923000,156923500,29.4
chr1,156923500,156924000,30.8
chr1,156924000,156924500,29.5
chr1,156924500,156925000,32.9
chr1,156925000,156925500,27.3
chr1,156925500,156926000,30.9
chr1,156926000,156926500,32.6
chr1,156926500,156927000,30.6
chr1,156927000,156927500,30
chr1,156927500,156928000,28.5
chr1,156928000,156928500,30.1
chr1,156928500,156929000,32.8
chr1,156929000,156929500,32
chr1,156929500,156930000,32.8
chr1,156930000,156930500,29.1
chr1,156930500,156931000,27.8
chr1,156931000,156931500,32.4
chr1,156931500,156932000,32.2
chr1,156932000,156932500,28
chr1,156932500,156933000,30.6
chr1,156933000,156933500,28.3
chr1,156933500,156934000,31
chr1,156934000,156934500,31.5
chr1,156934500,156935000,30
chr1,156935000,156935500,31.9
chr1,156935500,156936000,29.3
chr1,156936000,156936500,30.3
chr1,156936500,156937000,28.9
chr1,156937000,156937500,31.5
chr1,156937500,156938000,32.7
chr1,156938000,156938500,27.4
chr1,156938500,156939000,30.3
chr1,156939000,156939500,28.6
chr1,156939500,156940000,30.6
chr1,156940000,156940500,29.6
chr1,156940500,156941000,29.7
chr1,156941000,156941500,27.7
chr1,156941500,156942000,32
chr1,156942000,156942500,31.6
chr1,156942500,156943000,28.1
chr1,156943000,156943500,32.7
chr1,156943500,156944000,29.6
chr1,156944000,156944500,27.9
chr1,156944500,156945000,32.5
chr1,156945000,156945500,27.3
chr1,156945500,156946000,27.6
chr1,156946000,156946500,28.9
chr1,156946500,156947000,31.8
chr1,156947000,156947500,27.1
chr1,156947500,156948000,30.4
chr1,156948000,156948500,28.1
chr1,156948500,156949000,27.4
chr1,156949000,156949500,29.5
chr1,156949500,156950000,29.7
chr1,156950000,156950500,32.6
chr1,156950500,156951000,27.2
chr1,156951000,156951500,30.2
chr1,156951500,156952000,28.2
chr1,156952000,156952500,29.1
chr1,156952500,156953000,32.5
chr1,156953000,156953500,29.2
chr1,156953500,156954000,32.7
chr1,156954000,156954500,28.2
chr1,156954500,156955000,28.1
chr1,156955000,156955500,28.3
chr1,156955500,156956000,31.9
chr1,156956000,156956500,27.6
chr1,156956500,156957000,32.8
chr1,156957000,156957500,29
chr1,156957500,156958000,29.2
chr1,156958000,156958500,30.3
chr1,156958500,156959000,30.8
chr1,156959000,156959500,31.1
chr1,156959500,156960000,28.4
chr1,156960000,156960500,28.8
chr1,156960500,156961000,31.1
chr1,156961000,156961500,27.2
chr1,156961500,156962000,29.5
chr1,156962000,156962500,30
chr1,156962500,156963000,29.6
chr1,156963000,156963500,32
chr1,156963500,156964000,32.7
chr1,156964000,156964500,32.5
chr1,156964500,156965000,27.3
chr1,156965000,156965500,27.4
chr1,156965500,156966000,32.1
chr1,156966000,156966500,28.2
chr1,156966500,156967000,30.2
chr1,156967000,156967500,32.4
chr1,156967500,156968000,31.6
chr1,156968000,156968500,29.4
chr1,156968500,156969000,28
chr1,156969000,156969500,30.5
chr1,156969500,156970000,28
chr1,156970000,156970500,32.9
chr1,156970500,156971000,32.6
chr1,156971000,156971500,28.8
chr1,156971500,156972000,31.1
chr1,156972000,156972500,31.1
chr1,156972500,156973000,28.4
chr1,156973000,156973500,30.4
chr1,156973500,156974000,27.3
chr1,156974000,156974500,27.7
chr1,156974500,156975000,28
chr1,156975000,156975500,29
chr1,156975500,156976000,29.3
chr1,156976000,156976500,32
chr1,156976500,156977000,29.2
chr1,156977000,156977500,29
chr1,156977500,156978000,28.5
chr1,156978000,156978500,29.2
chr1,156978500,156979000,30.7
chr1,156979000,156979500,32.5
chr1,156979500,156980000,30.9
chr1,156980000,156980500,29.4
chr1,156980500,156981000,31.4
chr1,156981000,156981500,31.2
chr1,156981500,156982000,32.1
chr1,156982000,156982500,28.7
chr1,156982500,156983000,27.8
chr1,156983000,156983500,30.7
chr1,156983500,156984000,27
chr1,156984000,156984500,32.7
chr1,156984500,156985000,29.2
chr1,156985000,156985500,27.5
chr1,156985500,156986000,30.8
chr1,156986000,156986500,28
chr1,156986500,156987000,30.1
chr1,156987000,156987500,28.7
chr1,156987500,156988000,32.3
chr1,156988000,156988500,27.9
chr1,156988500,156989000,28.9
chr1,156989000,156989500,29.1
chr1,156989500,156990000,30.9
chr1,156990000,156990500,27.3
chr1,156990500,156991000,32.1
chr1,156991000,156991500,31.4
chr1,156991500,156992000,30.5
chr1,156992000,156992500,30.9
chr1,156992500,156993000,28.1
chr1,156993000,156993500,31.4
chr1,156993500,156994000,31
chr1,156994000,156994500,31.9
chr1,156994500,156995000,30.4
chr1,156995000,156995500,30.6
chr1,156995500,156996000,27.6
chr1,156996000,156996500,31.8
chr1,156996500,156997000,30.3
chr1,156997000,156997500,27.7
chr1,156997500,156998000,30
chr1,156998000,156998500,29.3
chr1,156998500,156999000,31.8
chr1,156999000,156999500,31.7
chr1,156999500,157000000,31.1
